gocam,sizes
http://model.geneontology.org/R-HSA-174178,105
http://model.geneontology.org/R-HSA-2500257,96
http://model.geneontology.org/R-HSA-8939902,96
http://model.geneontology.org/R-HSA-611105,95
http://model.geneontology.org/R-HSA-5632684,91
http://model.geneontology.org/R-HSA-163210,88
http://model.geneontology.org/R-HSA-156842,83
http://model.geneontology.org/R-HSA-8854691,82
http://model.geneontology.org/R-HSA-156902,79
http://model.geneontology.org/R-HSA-202424,77
http://model.geneontology.org/R-HSA-174084,76
http://model.geneontology.org/R-HSA-167827,70
http://model.geneontology.org/R-HSA-167826,70
http://model.geneontology.org/R-HSA-5687128,68
http://model.geneontology.org/R-HSA-9020702,67
http://model.geneontology.org/R-HSA-69017,65
http://model.geneontology.org/R-HSA-8951664,64
http://model.geneontology.org/R-HSA-2467813,64
http://model.geneontology.org/R-HSA-174154,62
http://model.geneontology.org/R-HSA-174184,62
http://model.geneontology.org/R-HSA-4420097,62
http://model.geneontology.org/R-HSA-68867,60
http://model.geneontology.org/R-HSA-5607764,58
http://model.geneontology.org/R-HSA-2871837,57
http://model.geneontology.org/R-HSA-6784531,57
http://model.geneontology.org/R-HSA-72086,57
http://model.geneontology.org/R-HSA-8948751,56
http://model.geneontology.org/R-HSA-69656,55
http://model.geneontology.org/R-HSA-195253,55
http://model.geneontology.org/R-HSA-9755511,55
http://model.geneontology.org/R-HSA-382556,54
http://model.geneontology.org/R-HSA-1169091,54
http://model.geneontology.org/R-HSA-8854050,53
http://model.geneontology.org/R-HSA-5610785,52
http://model.geneontology.org/R-HSA-5610783,52
http://model.geneontology.org/R-HSA-176408,52
http://model.geneontology.org/R-HSA-174113,51
http://model.geneontology.org/R-HSA-69202,51
http://model.geneontology.org/R-HSA-1236974,51
http://model.geneontology.org/R-HSA-68949,51
http://model.geneontology.org/R-HSA-5676590,51
http://model.geneontology.org/R-HSA-5610780,51
http://model.geneontology.org/R-HSA-9010553,51
http://model.geneontology.org/R-HSA-5607761,50
http://model.geneontology.org/R-HSA-8852276,50
http://model.geneontology.org/R-HSA-187577,50
http://model.geneontology.org/R-HSA-5358346,50
http://model.geneontology.org/R-HSA-69601,50
http://model.geneontology.org/R-HSA-983168,50
http://model.geneontology.org/R-HSA-983170,50
http://model.geneontology.org/R-HSA-9604323,49
http://model.geneontology.org/R-HSA-5693565,49
http://model.geneontology.org/R-HSA-1234176,49
http://model.geneontology.org/R-HSA-176407,49
http://model.geneontology.org/R-HSA-8939236,49
http://model.geneontology.org/R-HSA-349425,48
http://model.geneontology.org/R-HSA-5658442,48
http://model.geneontology.org/R-HSA-4641257,48
http://model.geneontology.org/R-HSA-69481,48
http://model.geneontology.org/R-HSA-4641258,47
http://model.geneontology.org/R-HSA-5628897,47
http://model.geneontology.org/R-HSA-5668541,47
http://model.geneontology.org/R-HSA-211733,46
http://model.geneontology.org/R-HSA-4608870,46
http://model.geneontology.org/R-HSA-75815,46
http://model.geneontology.org/R-HSA-5610787,46
http://model.geneontology.org/R-HSA-450408,45
http://model.geneontology.org/R-HSA-1236978,45
http://model.geneontology.org/R-HSA-8941858,45
http://model.geneontology.org/R-HSA-176409,45
http://model.geneontology.org/R-HSA-427413,44
http://model.geneontology.org/R-HSA-9762114,44
http://model.geneontology.org/R-HSA-6783310,44
http://model.geneontology.org/R-HSA-8876198,43
http://model.geneontology.org/R-HSA-9033241,41
http://model.geneontology.org/R-HSA-3299685,41
http://model.geneontology.org/R-HSA-5689880,40
http://model.geneontology.org/R-HSA-3371453,39
http://model.geneontology.org/R-HSA-499943,37
http://model.geneontology.org/R-HSA-5389840,36
http://model.geneontology.org/R-HSA-71403,36
http://model.geneontology.org/R-HSA-1169408,35
http://model.geneontology.org/R-HSA-5368286,35
http://model.geneontology.org/R-HSA-1660662,34
http://model.geneontology.org/R-HSA-379716,33
http://model.geneontology.org/R-HSA-4086398,33
http://model.geneontology.org/R-HSA-1222556,32
http://model.geneontology.org/R-HSA-204005,31
http://model.geneontology.org/R-HSA-6804756,31
http://model.geneontology.org/R-HSA-170822,31
http://model.geneontology.org/R-HSA-5578749,31
http://model.geneontology.org/R-HSA-427389,30
http://model.geneontology.org/R-HSA-83936,30
http://model.geneontology.org/R-HSA-2559582,30
http://model.geneontology.org/R-HSA-1632852,30
http://model.geneontology.org/R-HSA-73772,29
http://model.geneontology.org/R-HSA-9707564,29
http://model.geneontology.org/R-HSA-73863,29
http://model.geneontology.org/R-HSA-8983432,29
http://model.geneontology.org/R-HSA-1660661,28
http://model.geneontology.org/R-HSA-2029482,28
http://model.geneontology.org/R-HSA-6807505,28
http://model.geneontology.org/R-HSA-6781823,28
http://model.geneontology.org/R-HSA-5668599,28
http://model.geneontology.org/R-HSA-70263,28
http://model.geneontology.org/R-HSA-5218921,27
http://model.geneontology.org/R-HSA-2871809,26
http://model.geneontology.org/R-HSA-442660,26
http://model.geneontology.org/R-HSA-264642,26
http://model.geneontology.org/R-HSA-888590,26
http://model.geneontology.org/R-HSA-983695,26
http://model.geneontology.org/R-HSA-6804757,25
http://model.geneontology.org/R-HSA-1963642,24
http://model.geneontology.org/R-HSA-210500,24
http://model.geneontology.org/R-HSA-1268020,23
http://model.geneontology.org/R-HSA-5656169,23
http://model.geneontology.org/R-HSA-5693607,23
http://model.geneontology.org/R-HSA-1483166,23
http://model.geneontology.org/R-HSA-114604,23
http://model.geneontology.org/R-HSA-5607763,22
http://model.geneontology.org/R-HSA-422356,22
http://model.geneontology.org/R-HSA-5654720,22
http://model.geneontology.org/R-HSA-438066,22
http://model.geneontology.org/R-HSA-191273,22
http://model.geneontology.org/R-HSA-2029485,22
http://model.geneontology.org/R-HSA-5627123,21
http://model.geneontology.org/R-HSA-5696395,21
http://model.geneontology.org/R-HSA-6811440,21
http://model.geneontology.org/R-HSA-1660499,21
http://model.geneontology.org/R-HSA-9020933,21
http://model.geneontology.org/R-HSA-70895,21
http://model.geneontology.org/R-HSA-1483191,21
http://model.geneontology.org/R-HSA-2559580,21
http://model.geneontology.org/R-HSA-181430,20
http://model.geneontology.org/R-HSA-5218920,20
http://model.geneontology.org/R-HSA-917937,20
http://model.geneontology.org/R-HSA-5654712,20
http://model.geneontology.org/R-HSA-193368,20
http://model.geneontology.org/R-HSA-912446,20
http://model.geneontology.org/R-HSA-8936459,19
http://model.geneontology.org/R-HSA-212676,19
http://model.geneontology.org/6258b8f300000398,19
http://model.geneontology.org/R-HSA-1592389,19
http://model.geneontology.org/R-HSA-203927,19
http://model.geneontology.org/5e72450500004019,19
http://model.geneontology.org/R-HSA-156584,19
http://model.geneontology.org/R-HSA-181429,19
http://model.geneontology.org/R-HSA-1489509,18
http://model.geneontology.org/R-HSA-1237044,18
http://model.geneontology.org/R-HSA-168928,18
http://model.geneontology.org/R-HSA-70268,18
http://model.geneontology.org/R-HSA-1855183,18
http://model.geneontology.org/R-HSA-5655862,18
http://model.geneontology.org/R-HSA-69273,18
http://model.geneontology.org/R-HSA-5654693,18
http://model.geneontology.org/R-HSA-5654710,18
http://model.geneontology.org/R-HSA-174048,18
http://model.geneontology.org/R-HSA-399710,18
http://model.geneontology.org/R-HSA-2162123,18
http://model.geneontology.org/R-HSA-156581,18
http://model.geneontology.org/R-HSA-9013973,18
http://model.geneontology.org/R-HSA-5693568,17
http://model.geneontology.org/R-HSA-264876,17
http://model.geneontology.org/R-HSA-3928662,17
http://model.geneontology.org/R-HSA-6783783,17
http://model.geneontology.org/R-HSA-1358803,17
http://model.geneontology.org/R-HSA-179409,17
http://model.geneontology.org/R-HSA-196757,17
http://model.geneontology.org/5e72450500004237,17
http://model.geneontology.org/R-HSA-140837,17
http://model.geneontology.org/R-HSA-70171,17
http://model.geneontology.org/R-HSA-202433,16
http://model.geneontology.org/R-HSA-5578775,16
http://model.geneontology.org/R-HSA-1475029,16
http://model.geneontology.org/R-HSA-8866654,16
http://model.geneontology.org/R-HSA-446193,16
http://model.geneontology.org/R-HSA-71336,16
http://model.geneontology.org/R-HSA-389661,16
http://model.geneontology.org/R-HSA-917977,16
http://model.geneontology.org/R-HSA-1266695,16
http://model.geneontology.org/R-HSA-389357,16
http://model.geneontology.org/R-HSA-211976,16
http://model.geneontology.org/R-HSA-8964539,15
http://model.geneontology.org/R-HSA-71737,15
http://model.geneontology.org/R-HSA-3322077,15
http://model.geneontology.org/R-HSA-9749641,15
http://model.geneontology.org/R-HSA-5601884,15
http://model.geneontology.org/R-HSA-5654700,15
http://model.geneontology.org/R-HSA-4085001,15
http://model.geneontology.org/R-HSA-5654695,15
http://model.geneontology.org/R-HSA-5654706,15
http://model.geneontology.org/R-HSA-416482,15
http://model.geneontology.org/R-HSA-5627117,15
http://model.geneontology.org/R-HSA-6804758,15
http://model.geneontology.org/R-HSA-112043,15
http://model.geneontology.org/R-HSA-1257604,15
http://model.geneontology.org/R-HSA-8984722,15
http://model.geneontology.org/R-HSA-5654689,15
http://model.geneontology.org/R-HSA-74259,15
http://model.geneontology.org/R-HSA-2022377,15
http://model.geneontology.org/R-HSA-196807,15
http://model.geneontology.org/R-HSA-1483213,15
http://model.geneontology.org/61e0e55600001225,15
http://model.geneontology.org/R-HSA-111932,14
http://model.geneontology.org/R-HSA-1433557,14
http://model.geneontology.org/R-HSA-189451,14
http://model.geneontology.org/R-HSA-71240,14
http://model.geneontology.org/R-HSA-70221,14
http://model.geneontology.org/R-HSA-2514859,14
http://model.geneontology.org/R-HSA-5625740,14
http://model.geneontology.org/R-HSA-451307,14
http://model.geneontology.org/R-HSA-5673001,14
http://model.geneontology.org/R-HSA-203615,14
http://model.geneontology.org/R-HSA-189483,14
http://model.geneontology.org/R-HSA-69473,14
http://model.geneontology.org/R-HSA-77387,14
http://model.geneontology.org/R-HSA-69231,14
http://model.geneontology.org/R-HSA-71064,13
http://model.geneontology.org/R-HSA-6804760,13
http://model.geneontology.org/R-HSA-73776,13
http://model.geneontology.org/R-HSA-202430,13
http://model.geneontology.org/R-HSA-197264,13
http://model.geneontology.org/R-HSA-8943724,13
http://model.geneontology.org/R-HSA-3108214,13
http://model.geneontology.org/R-HSA-977444,13
http://model.geneontology.org/R-HSA-418555,13
http://model.geneontology.org/R-HSA-1650814,13
http://model.geneontology.org/R-HSA-418597,13
http://model.geneontology.org/R-HSA-6811558,13
http://model.geneontology.org/R-HSA-75105,13
http://model.geneontology.org/R-HSA-1660516,13
http://model.geneontology.org/R-HSA-9705462,13
http://model.geneontology.org/R-HSA-390666,13
http://model.geneontology.org/R-HSA-5654688,13
http://model.geneontology.org/R-HSA-1855204,13
http://model.geneontology.org/R-HSA-420499,13
http://model.geneontology.org/R-HSA-1614635,13
http://model.geneontology.org/R-HSA-977606,13
http://model.geneontology.org/5fce9b7300000434,13
http://model.geneontology.org/R-HSA-77075,13
http://model.geneontology.org/R-HSA-674695,13
http://model.geneontology.org/R-HSA-1250196,13
http://model.geneontology.org/R-HSA-5654719,13
http://model.geneontology.org/R-HSA-180024,13
http://model.geneontology.org/60897d8500000494,12
http://model.geneontology.org/R-HSA-727802,12
http://model.geneontology.org/R-HSA-70635,12
http://model.geneontology.org/R-HSA-2565942,12
http://model.geneontology.org/6246724f00001700,12
http://model.geneontology.org/R-HSA-6790901,12
http://model.geneontology.org/R-HSA-9717207,12
http://model.geneontology.org/R-HSA-4090294,12
http://model.geneontology.org/R-HSA-2046106,12
http://model.geneontology.org/R-HSA-9670095,12
http://model.geneontology.org/R-HSA-75876,12
http://model.geneontology.org/R-HSA-73621,12
http://model.geneontology.org/R-HSA-171319,12
http://model.geneontology.org/R-HSA-9620244,12
http://model.geneontology.org/R-HSA-442982,12
http://model.geneontology.org/R-HSA-3928665,12
http://model.geneontology.org/R-HSA-975634,12
http://model.geneontology.org/R-HSA-74217,12
http://model.geneontology.org/R-HSA-532668,12
http://model.geneontology.org/R-HSA-936964,11
http://model.geneontology.org/R-HSA-2151201,11
http://model.geneontology.org/R-HSA-73817,11
http://model.geneontology.org/R-HSA-8851805,11
http://model.geneontology.org/R-HSA-69541,11
http://model.geneontology.org/R-HSA-3371497,11
http://model.geneontology.org/R-HSA-162710,11
http://model.geneontology.org/R-HSA-445355,11
http://model.geneontology.org/R-HSA-171007,11
http://model.geneontology.org/R-HSA-9759218,11
http://model.geneontology.org/R-HSA-9020558,11
http://model.geneontology.org/R-HSA-140875,11
http://model.geneontology.org/R-HSA-1251985,11
http://model.geneontology.org/R-HSA-5654733,11
http://model.geneontology.org/R-HSA-5423646,11
http://model.geneontology.org/R-HSA-5663213,11
http://model.geneontology.org/R-HSA-2871796,11
http://model.geneontology.org/R-HSA-9009391,11
http://model.geneontology.org/R-HSA-159418,11
http://model.geneontology.org/R-HSA-186763,11
http://model.geneontology.org/R-HSA-5693554,11
http://model.geneontology.org/627d95ee00000275,10
http://model.geneontology.org/R-HSA-6803204,10
http://model.geneontology.org/613aae0000000061,10
http://model.geneontology.org/60e7989d00000165,10
http://model.geneontology.org/R-HSA-205043,10
http://model.geneontology.org/R-HSA-389887,10
http://model.geneontology.org/R-HSA-212300,10
http://model.geneontology.org/R-HSA-5365859,10
http://model.geneontology.org/R-HSA-432040,10
http://model.geneontology.org/R-HSA-5675221,10
http://model.geneontology.org/R-HSA-200425,10
http://model.geneontology.org/R-HSA-428643,10
http://model.geneontology.org/623d156d00000029,10
http://model.geneontology.org/R-HSA-977225,10
http://model.geneontology.org/R-HSA-196299,10
http://model.geneontology.org/R-HSA-392451,10
http://model.geneontology.org/R-HSA-8949215,10
http://model.geneontology.org/R-HSA-8963693,10
http://model.geneontology.org/R-HSA-3899300,10
http://model.geneontology.org/R-HSA-1250347,10
http://model.geneontology.org/R-HSA-425410,10
http://model.geneontology.org/R-HSA-3214858,10
http://model.geneontology.org/R-HSA-156588,10
http://model.geneontology.org/5745387b00001516,10
http://model.geneontology.org/R-HSA-9037629,10
http://model.geneontology.org/6205c24300000330,10
http://model.geneontology.org/R-HSA-1482839,10
http://model.geneontology.org/R-HSA-8941413,10
http://model.geneontology.org/R-HSA-4551638,10
http://model.geneontology.org/R-HSA-5693571,10
http://model.geneontology.org/R-HSA-75205,10
http://model.geneontology.org/R-HSA-375276,10
http://model.geneontology.org/R-HSA-193775,10
http://model.geneontology.org/R-HSA-9730628,10
http://model.geneontology.org/R-HSA-5654704,10
http://model.geneontology.org/R-HSA-3232118,10
http://model.geneontology.org/R-HSA-5654699,10
http://model.geneontology.org/R-HSA-9748787,10
http://model.geneontology.org/R-HSA-2022928,10
http://model.geneontology.org/R-HSA-5685942,10
http://model.geneontology.org/R-HSA-2453902,10
http://model.geneontology.org/R-HSA-912694,10
http://model.geneontology.org/R-HSA-2142691,10
http://model.geneontology.org/R-HSA-176187,10
http://model.geneontology.org/R-HSA-2485179,9
http://model.geneontology.org/R-HSA-110329,9
http://model.geneontology.org/R-HSA-168638,9
http://model.geneontology.org/R-HSA-156590,9
http://model.geneontology.org/R-HSA-2142789,9
http://model.geneontology.org/R-HSA-170984,9
http://model.geneontology.org/R-HSA-75035,9
http://model.geneontology.org/60ad85f700003015,9
http://model.geneontology.org/6205c24300000880,9
http://model.geneontology.org/R-HSA-389359,9
http://model.geneontology.org/R-HSA-5673000,9
http://model.geneontology.org/R-HSA-182971,9
http://model.geneontology.org/R-HSA-2022870,9
http://model.geneontology.org/R-HSA-5654219,9
http://model.geneontology.org/R-HSA-422085,9
http://model.geneontology.org/R-HSA-9753281,9
http://model.geneontology.org/R-HSA-75109,9
http://model.geneontology.org/R-HSA-112126,9
http://model.geneontology.org/R-HSA-5674135,9
http://model.geneontology.org/R-HSA-211979,9
http://model.geneontology.org/R-HSA-174411,9
http://model.geneontology.org/R-HSA-5654732,9
http://model.geneontology.org/R-HSA-1482801,9
http://model.geneontology.org/R-HSA-9662360,9
http://model.geneontology.org/R-HSA-442729,9
http://model.geneontology.org/R-HSA-1483248,9
http://model.geneontology.org/62900b6400002552,9
http://model.geneontology.org/59cc772c00000000,9
http://model.geneontology.org/R-HSA-2028269,9
http://model.geneontology.org/R-HSA-1482925,9
http://model.geneontology.org/R-HSA-5685939,9
http://model.geneontology.org/R-HSA-9634638,9
http://model.geneontology.org/R-HSA-418594,9
http://model.geneontology.org/R-HSA-1251932,9
http://model.geneontology.org/R-HSA-9031628,9
http://model.geneontology.org/R-HSA-390247,9
http://model.geneontology.org/R-HSA-1482788,9
http://model.geneontology.org/R-HSA-879518,9
http://model.geneontology.org/R-HSA-5654727,9
http://model.geneontology.org/R-HSA-196791,9
http://model.geneontology.org/R-HSA-113501,9
http://model.geneontology.org/R-HSA-5654726,9
http://model.geneontology.org/626b20c100000185,9
http://model.geneontology.org/R-HSA-70921,9
http://model.geneontology.org/R-HSA-1482922,9
http://model.geneontology.org/R-HSA-111931,9
http://model.geneontology.org/R-HSA-6807004,9
http://model.geneontology.org/R-HSA-174403,9
http://model.geneontology.org/R-HSA-913709,9
http://model.geneontology.org/R-HSA-5689896,9
http://model.geneontology.org/R-HSA-9032845,9
http://model.geneontology.org/R-HSA-5620971,9
http://model.geneontology.org/60d5209a00001406,8
http://model.geneontology.org/R-HSA-1614558,8
http://model.geneontology.org/R-HSA-2173795,8
http://model.geneontology.org/R-HSA-9634597,8
http://model.geneontology.org/R-HSA-1855196,8
http://model.geneontology.org/R-HSA-5205685,8
http://model.geneontology.org/R-HSA-4419969,8
http://model.geneontology.org/R-HSA-8863795,8
http://model.geneontology.org/R-HSA-982772,8
http://model.geneontology.org/R-HSA-381771,8
http://model.geneontology.org/5fadbcf000002236,8
http://model.geneontology.org/R-HSA-198203,8
http://model.geneontology.org/6258b8f300000188,8
http://model.geneontology.org/627d95ee00000472,8
http://model.geneontology.org/R-HSA-110357,8
http://model.geneontology.org/R-HSA-375165,8
http://model.geneontology.org/622aace900000962,8
http://model.geneontology.org/R-HSA-76005,8
http://model.geneontology.org/R-HSA-6807878,8
http://model.geneontology.org/R-HSA-4755510,8
http://model.geneontology.org/R-HSA-9639288,8
http://model.geneontology.org/R-HSA-426048,8
http://model.geneontology.org/R-HSA-9648002,8
http://model.geneontology.org/R-HSA-1483148,8
http://model.geneontology.org/R-HSA-1660514,8
http://model.geneontology.org/R-HSA-909733,8
http://model.geneontology.org/R-HSA-2173788,8
http://model.geneontology.org/R-HSA-2024096,8
http://model.geneontology.org/R-HSA-114508,8
http://model.geneontology.org/R-HSA-5357905,8
http://model.geneontology.org/R-HSA-110362,8
http://model.geneontology.org/R-HSA-2408508,8
http://model.geneontology.org/R-HSA-1237112,8
http://model.geneontology.org/R-HSA-8983711,8
http://model.geneontology.org/R-HSA-186797,8
http://model.geneontology.org/R-HSA-8850843,8
http://model.geneontology.org/R-HSA-8981373,8
http://model.geneontology.org/5ce58dde00001215,8
http://model.geneontology.org/R-HSA-446210,8
http://model.geneontology.org/R-HSA-400511,8
http://model.geneontology.org/R-HSA-512988,8
http://model.geneontology.org/R-HSA-9619229,8
http://model.geneontology.org/R-HSA-9026527,8
http://model.geneontology.org/R-HSA-189085,8
http://model.geneontology.org/R-HSA-72187,8
http://model.geneontology.org/R-HSA-196783,8
http://model.geneontology.org/5fadbcf000000942,8
http://model.geneontology.org/617b481400000460,8
http://model.geneontology.org/R-HSA-5654228,8
http://model.geneontology.org/5f46c3b700003802,8
http://model.geneontology.org/R-HSA-4641263,8
http://model.geneontology.org/R-HSA-2424491,8
http://model.geneontology.org/R-HSA-6803207,8
http://model.geneontology.org/R-HSA-1614517,8
http://model.geneontology.org/R-HSA-1482798,8
http://model.geneontology.org/5fadbcf000000480,8
http://model.geneontology.org/R-HSA-2122948,8
http://model.geneontology.org/R-HSA-6798163,8
http://model.geneontology.org/R-HSA-2179392,8
http://model.geneontology.org/R-HSA-77111,8
http://model.geneontology.org/R-HSA-163560,8
http://model.geneontology.org/R-HSA-6787450,8
http://model.geneontology.org/626b20c100000025,8
http://model.geneontology.org/6205c24300001663,8
http://model.geneontology.org/R-HSA-193144,8
http://model.geneontology.org/R-HSA-8849471,8
http://model.geneontology.org/R-HSA-199220,7
http://model.geneontology.org/5fadbcf000000868,7
http://model.geneontology.org/R-HSA-432142,7
http://model.geneontology.org/R-HSA-446199,7
http://model.geneontology.org/5fadbcf000001962,7
http://model.geneontology.org/R-HSA-174414,7
http://model.geneontology.org/R-HSA-170968,7
http://model.geneontology.org/R-HSA-6814848,7
http://model.geneontology.org/R-HSA-77346,7
http://model.geneontology.org/R-HSA-1445148,7
http://model.geneontology.org/R-HSA-9662361,7
http://model.geneontology.org/R-HSA-6809371,7
http://model.geneontology.org/R-HSA-2559586,7
http://model.geneontology.org/R-HSA-71384,7
http://model.geneontology.org/R-HSA-5358565,7
http://model.geneontology.org/R-HSA-6782135,7
http://model.geneontology.org/R-HSA-73856,7
http://model.geneontology.org/R-HSA-2730905,7
http://model.geneontology.org/R-HSA-77352,7
http://model.geneontology.org/R-HSA-5649702,7
http://model.geneontology.org/60ad85f700002694,7
http://model.geneontology.org/R-HSA-2024101,7
http://model.geneontology.org/R-HSA-975578,7
http://model.geneontology.org/R-HSA-5358606,7
http://model.geneontology.org/R-HSA-2022854,7
http://model.geneontology.org/R-HSA-9027283,7
http://model.geneontology.org/R-HSA-389599,7
http://model.geneontology.org/627d95ee00000024,7
http://model.geneontology.org/R-HSA-6811555,7
http://model.geneontology.org/R-HSA-947581,7
http://model.geneontology.org/R-HSA-111465,7
http://model.geneontology.org/R-HSA-9028731,7
http://model.geneontology.org/5fadbcf000002042,7
http://model.geneontology.org/R-HSA-1295596,7
http://model.geneontology.org/60ff660000000897,7
http://model.geneontology.org/R-HSA-9634600,7
http://model.geneontology.org/R-HSA-2046105,7
http://model.geneontology.org/R-HSA-5685938,7
http://model.geneontology.org/R-HSA-2160916,7
http://model.geneontology.org/61b2b68300000000,7
http://model.geneontology.org/R-HSA-9027276,7
http://model.geneontology.org/R-HSA-199418,7
http://model.geneontology.org/R-HSA-416572,7
http://model.geneontology.org/R-HSA-5675482,7
http://model.geneontology.org/5fce9b7300002336,7
http://model.geneontology.org/R-HSA-1483115,7
http://model.geneontology.org/R-HSA-174430,7
http://model.geneontology.org/R-HSA-176974,7
http://model.geneontology.org/R-HSA-381426,7
http://model.geneontology.org/R-HSA-6811438,7
http://model.geneontology.org/60ff660000000917,7
http://model.geneontology.org/623d156d00000290,7
http://model.geneontology.org/5f46c3b700002685,7
http://model.geneontology.org/R-HSA-9013507,7
http://model.geneontology.org/R-HSA-399955,7
http://model.geneontology.org/627d95ee00001405,7
http://model.geneontology.org/627d95ee00000955,7
http://model.geneontology.org/R-HSA-9708530,6
http://model.geneontology.org/R-HSA-71032,6
http://model.geneontology.org/R-HSA-2122947,6
http://model.geneontology.org/R-HSA-8851907,6
http://model.geneontology.org/R-HSA-72695,6
http://model.geneontology.org/60897d8500000531,6
http://model.geneontology.org/60ad85f700002947,6
http://model.geneontology.org/R-HSA-9018896,6
http://model.geneontology.org/R-HSA-9033807,6
http://model.geneontology.org/R-HSA-5684264,6
http://model.geneontology.org/R-HSA-390918,6
http://model.geneontology.org/R-HSA-1483101,6
http://model.geneontology.org/R-HSA-211916,6
http://model.geneontology.org/R-HSA-8866652,6
http://model.geneontology.org/R-HSA-5654221,6
http://model.geneontology.org/R-HSA-425366,6
http://model.geneontology.org/R-HSA-351202,6
http://model.geneontology.org/R-HSA-74749,6
http://model.geneontology.org/R-HSA-193048,6
http://model.geneontology.org/R-HSA-69478,6
http://model.geneontology.org/R-HSA-8857538,6
http://model.geneontology.org/61e0e55600001295,6
http://model.geneontology.org/R-HSA-8963684,6
http://model.geneontology.org/R-HSA-442720,6
http://model.geneontology.org/R-HSA-400253,6
http://model.geneontology.org/R-HSA-5362517,6
http://model.geneontology.org/R-HSA-6793080,6
http://model.geneontology.org/R-HSA-2142700,6
http://model.geneontology.org/R-HSA-74751,6
http://model.geneontology.org/R-HSA-2132295,6
http://model.geneontology.org/R-HSA-1855167,6
http://model.geneontology.org/60ff660000000882,6
http://model.geneontology.org/R-HSA-1236394,6
http://model.geneontology.org/R-HSA-4615885,6
http://model.geneontology.org/R-HSA-354192,6
http://model.geneontology.org/R-HSA-6782861,6
http://model.geneontology.org/R-HSA-139853,6
http://model.geneontology.org/623d156d00000673,6
http://model.geneontology.org/61b2b68300000203,6
http://model.geneontology.org/62b4ffe300000067,6
http://model.geneontology.org/R-HSA-2995383,6
http://model.geneontology.org/R-HSA-2173789,6
http://model.geneontology.org/R-HSA-2564830,6
http://model.geneontology.org/R-HSA-425393,6
http://model.geneontology.org/R-HSA-445144,6
http://model.geneontology.org/62b4ffe300000241,6
http://model.geneontology.org/627d95ee00000044,6
http://model.geneontology.org/R-HSA-8856828,6
http://model.geneontology.org/R-HSA-201722,6
http://model.geneontology.org/627d95ee00001242,6
http://model.geneontology.org/R-HSA-380972,6
http://model.geneontology.org/R-HSA-1855184,6
http://model.geneontology.org/5fa76ad400000374,6
http://model.geneontology.org/R-HSA-5654227,6
http://model.geneontology.org/R-HSA-69183,6
http://model.geneontology.org/623d156d00000817,6
http://model.geneontology.org/R-HSA-392517,6
http://model.geneontology.org/R-HSA-2299718,6
http://model.geneontology.org/R-HSA-6787639,6
http://model.geneontology.org/R-HSA-2029481,6
http://model.geneontology.org/R-HSA-8963896,6
http://model.geneontology.org/R-HSA-9758890,6
http://model.geneontology.org/R-HSA-8964208,6
http://model.geneontology.org/R-HSA-193807,6
http://model.geneontology.org/5fb9cc0600000727,6
http://model.geneontology.org/R-HSA-9617629,6
http://model.geneontology.org/622aace900000790,6
http://model.geneontology.org/5f46c3b700003884,6
http://model.geneontology.org/R-HSA-8874081,6
http://model.geneontology.org/R-HSA-5663220,6
http://model.geneontology.org/R-HSA-1971475,6
http://model.geneontology.org/R-HSA-71288,5
http://model.geneontology.org/R-HSA-1483226,5
http://model.geneontology.org/R-HSA-110320,5
http://model.geneontology.org/R-HSA-381753,5
http://model.geneontology.org/R-HSA-192456,5
http://model.geneontology.org/R-HSA-4641262,5
http://model.geneontology.org/R-HSA-9615933,5
http://model.geneontology.org/R-HSA-4570464,5
http://model.geneontology.org/623d156d00000340,5
http://model.geneontology.org/61e0e55600000239,5
http://model.geneontology.org/623d156d00000699,5
http://model.geneontology.org/R-HSA-173599,5
http://model.geneontology.org/R-HSA-1482883,5
http://model.geneontology.org/R-HSA-1170546,5
http://model.geneontology.org/5f46c3b700001031,5
http://model.geneontology.org/R-HSA-162658,5
http://model.geneontology.org/R-HSA-77350,5
http://model.geneontology.org/R-HSA-1236973,5
http://model.geneontology.org/R-HSA-3301854,5
http://model.geneontology.org/R-HSA-209905,5
http://model.geneontology.org/R-HSA-5625900,5
http://model.geneontology.org/5fa76ad400000018,5
http://model.geneontology.org/R-HSA-2142712,5
http://model.geneontology.org/R-HSA-156711,5
http://model.geneontology.org/R-HSA-74713,5
http://model.geneontology.org/5f46c3b700002102,5
http://model.geneontology.org/R-HSA-8847993,5
http://model.geneontology.org/600ced8500002343,5
http://model.geneontology.org/5fa76ad400000265,5
http://model.geneontology.org/R-HSA-9758881,5
http://model.geneontology.org/R-HSA-110314,5
http://model.geneontology.org/R-HSA-6796648,5
http://model.geneontology.org/R-HSA-9018676,5
http://model.geneontology.org/R-HSA-8878166,5
http://model.geneontology.org/R-HSA-6804759,5
http://model.geneontology.org/R-HSA-429958,5
http://model.geneontology.org/R-HSA-6807062,5
http://model.geneontology.org/R-HSA-202427,5
http://model.geneontology.org/5fa76ad400000110,5
http://model.geneontology.org/61f34dd300000863,5
http://model.geneontology.org/R-HSA-70370,5
http://model.geneontology.org/R-HSA-9032500,5
http://model.geneontology.org/626b20c100001212,5
http://model.geneontology.org/62b4ffe300000418,5
http://model.geneontology.org/R-HSA-194002,5
http://model.geneontology.org/R-HSA-180292,5
http://model.geneontology.org/R-HSA-5656121,5
http://model.geneontology.org/R-HSA-2980767,5
http://model.geneontology.org/617b481400000389,5
http://model.geneontology.org/R-HSA-9607240,5
http://model.geneontology.org/R-HSA-936440,5
http://model.geneontology.org/R-HSA-8934903,5
http://model.geneontology.org/6246724f00000078,5
http://model.geneontology.org/R-HSA-9026519,5
http://model.geneontology.org/R-HSA-9023661,5
http://model.geneontology.org/R-HSA-166058,5
http://model.geneontology.org/R-HSA-1227986,5
http://model.geneontology.org/623d156d00000752,5
http://model.geneontology.org/R-HSA-2586552,5
http://model.geneontology.org/R-HSA-196843,5
http://model.geneontology.org/R-HSA-6807047,5
http://model.geneontology.org/R-HSA-1483152,5
http://model.geneontology.org/R-HSA-1247673,5
http://model.geneontology.org/5f46c3b700001407,5
http://model.geneontology.org/R-HSA-977347,5
http://model.geneontology.org/61f34dd300000981,5
http://model.geneontology.org/R-HSA-2408557,5
http://model.geneontology.org/R-HSA-70350,5
http://model.geneontology.org/61283a3000000217,5
http://model.geneontology.org/R-HSA-140834,5
http://model.geneontology.org/R-HSA-110312,5
http://model.geneontology.org/R-HSA-500753,5
http://model.geneontology.org/R-HSA-196836,5
http://model.geneontology.org/R-HSA-9603381,5
http://model.geneontology.org/R-HSA-2022923,5
http://model.geneontology.org/R-HSA-5683826,5
http://model.geneontology.org/R-HSA-1474151,5
http://model.geneontology.org/617b481400000521,5
http://model.geneontology.org/R-HSA-77310,5
http://model.geneontology.org/5fce9b7300000367,5
http://model.geneontology.org/R-HSA-5661270,5
http://model.geneontology.org/R-HSA-201688,5
http://model.geneontology.org/R-HSA-9022692,5
http://model.geneontology.org/R-HSA-399997,5
http://model.geneontology.org/R-HSA-163358,5
http://model.geneontology.org/R-HSA-9706369,5
http://model.geneontology.org/627d95ee00001988,5
http://model.geneontology.org/R-HSA-5651801,5
http://model.geneontology.org/60ff660000001341,5
http://model.geneontology.org/6246724f00001645,5
http://model.geneontology.org/R-HSA-1799339,5
http://model.geneontology.org/622aace900000443,5
http://model.geneontology.org/R-HSA-450302,5
http://model.geneontology.org/R-HSA-193692,5
http://model.geneontology.org/R-HSA-6804116,5
http://model.geneontology.org/R-HSA-6783984,5
http://model.geneontology.org/R-HSA-163841,5
http://model.geneontology.org/R-HSA-8875791,5
http://model.geneontology.org/R-HSA-72731,5
http://model.geneontology.org/R-HSA-2022857,5
http://model.geneontology.org/R-HSA-196780,5
http://model.geneontology.org/R-HSA-77348,5
http://model.geneontology.org/617b481400000559,5
http://model.geneontology.org/R-HSA-3232142,5
http://model.geneontology.org/R-HSA-2187335,5
http://model.geneontology.org/R-HSA-2559585,5
http://model.geneontology.org/623d156d00000939,5
http://model.geneontology.org/R-HSA-1912420,5
http://model.geneontology.org/617b481400000995,4
http://model.geneontology.org/R-HSA-426486,4
http://model.geneontology.org/R-HSA-6804115,4
http://model.geneontology.org/R-HSA-209968,4
http://model.geneontology.org/R-HSA-2514853,4
http://model.geneontology.org/R-HSA-418592,4
http://model.geneontology.org/R-HSA-1483196,4
http://model.geneontology.org/5fce9b7300002436,4
http://model.geneontology.org/R-HSA-173736,4
http://model.geneontology.org/R-HSA-444257,4
http://model.geneontology.org/R-HSA-165159,4
http://model.geneontology.org/R-HSA-68952,4
http://model.geneontology.org/R-HSA-450341,4
http://model.geneontology.org/R-HSA-9018681,4
http://model.geneontology.org/R-HSA-1181150,4
http://model.geneontology.org/R-HSA-1253288,4
http://model.geneontology.org/R-HSA-437239,4
http://model.geneontology.org/R-HSA-416476,4
http://model.geneontology.org/R-HSA-5689603,4
http://model.geneontology.org/60418ffa00001536,4
http://model.geneontology.org/622aace900000522,4
http://model.geneontology.org/R-HSA-211736,4
http://model.geneontology.org/R-HSA-163680,4
http://model.geneontology.org/R-HSA-1660510,4
http://model.geneontology.org/60418ffa00001258,4
http://model.geneontology.org/R-HSA-429947,4
http://model.geneontology.org/R-HSA-445989,4
http://model.geneontology.org/R-HSA-201451,4
http://model.geneontology.org/627d95ee00001794,4
http://model.geneontology.org/R-HSA-9018519,4
http://model.geneontology.org/R-HSA-1660517,4
http://model.geneontology.org/613aae0000001005,4
http://model.geneontology.org/R-HSA-201556,4
http://model.geneontology.org/62900b6400001385,4
http://model.geneontology.org/R-HSA-6785631,4
http://model.geneontology.org/R-HSA-196819,4
http://model.geneontology.org/R-HSA-6803205,4
http://model.geneontology.org/R-HSA-75896,4
http://model.geneontology.org/613aae0000000500,4
http://model.geneontology.org/R-HSA-9667769,4
http://model.geneontology.org/62900b6400001630,4
http://model.geneontology.org/60418ffa00000414,4
http://model.geneontology.org/R-HSA-389513,4
http://model.geneontology.org/R-HSA-917729,4
http://model.geneontology.org/R-HSA-399954,4
http://model.geneontology.org/R-HSA-8849175,4
http://model.geneontology.org/627d95ee00002067,4
http://model.geneontology.org/R-HSA-9640463,4
http://model.geneontology.org/R-HSA-9645460,4
http://model.geneontology.org/6197061700000593,4
http://model.geneontology.org/5f46c3b700001570,4
http://model.geneontology.org/6168d1e000000007,4
http://model.geneontology.org/6197061700002226,4
http://model.geneontology.org/R-HSA-111957,4
http://model.geneontology.org/R-HSA-983231,4
http://model.geneontology.org/R-HSA-191859,4
http://model.geneontology.org/R-HSA-5626467,4
http://model.geneontology.org/R-HSA-111997,4
http://model.geneontology.org/R-HSA-877300,4
http://model.geneontology.org/R-HSA-71262,4
http://model.geneontology.org/R-HSA-8964038,4
http://model.geneontology.org/R-HSA-450321,4
http://model.geneontology.org/R-HSA-9633012,4
http://model.geneontology.org/R-HSA-434316,4
http://model.geneontology.org/R-HSA-2142688,4
http://model.geneontology.org/R-HSA-163754,4
http://model.geneontology.org/R-HSA-4655427,4
http://model.geneontology.org/R-HSA-2142816,4
http://model.geneontology.org/R-HSA-6803157,4
http://model.geneontology.org/R-HSA-418457,4
http://model.geneontology.org/R-HSA-69091,4
http://model.geneontology.org/R-HSA-9020265,4
http://model.geneontology.org/R-HSA-399956,4
http://model.geneontology.org/R-HSA-430039,4
http://model.geneontology.org/R-HSA-111447,4
http://model.geneontology.org/5fadbcf000001646,4
http://model.geneontology.org/R-HSA-8963889,4
http://model.geneontology.org/R-HSA-880009,4
http://model.geneontology.org/R-HSA-901032,4
http://model.geneontology.org/R-HSA-110331,4
http://model.geneontology.org/R-HSA-977068,4
http://model.geneontology.org/R-HSA-8951936,4
http://model.geneontology.org/60e7989d00000281,4
http://model.geneontology.org/R-HSA-8875555,4
http://model.geneontology.org/R-HSA-2454202,4
http://model.geneontology.org/62900b6400000500,4
http://model.geneontology.org/R-HSA-877312,4
http://model.geneontology.org/60e7989d00001485,4
http://model.geneontology.org/R-HSA-5621575,4
http://model.geneontology.org/R-HSA-5624138,4
http://model.geneontology.org/R-HSA-9617324,4
http://model.geneontology.org/R-HSA-3928663,4
http://model.geneontology.org/R-HSA-2142753,4
http://model.geneontology.org/R-HSA-8853383,4
http://model.geneontology.org/R-HSA-209931,4
http://model.geneontology.org/627d95ee00000775,4
http://model.geneontology.org/627d95ee00001139,4
http://model.geneontology.org/R-HSA-4085377,4
http://model.geneontology.org/R-HSA-6806942,4
http://model.geneontology.org/R-HSA-8849474,4
http://model.geneontology.org/R-HSA-2161541,4
http://model.geneontology.org/R-HSA-9648895,4
http://model.geneontology.org/R-HSA-111448,4
http://model.geneontology.org/61e0e55600000338,4
http://model.geneontology.org/5fce9b7300001616,4
http://model.geneontology.org/R-HSA-75153,4
http://model.geneontology.org/R-HSA-5696394,4
http://model.geneontology.org/R-HSA-3928664,4
http://model.geneontology.org/R-HSA-9034864,4
http://model.geneontology.org/R-HSA-5358493,4
http://model.geneontology.org/5ee8120100000524,4
http://model.geneontology.org/R-HSA-6806664,4
http://model.geneontology.org/R-HSA-5625886,4
http://model.geneontology.org/R-HSA-70688,3
http://model.geneontology.org/R-HSA-193648,3
http://model.geneontology.org/R-HSA-163765,3
http://model.geneontology.org/6197061700002544,3
http://model.geneontology.org/R-HSA-6803211,3
http://model.geneontology.org/R-HSA-2142770,3
http://model.geneontology.org/R-HSA-167021,3
http://model.geneontology.org/R-HSA-1660524,3
http://model.geneontology.org/R-HSA-75108,3
http://model.geneontology.org/R-HSA-5662702,3
http://model.geneontology.org/R-HSA-2173796,3
http://model.geneontology.org/R-HSA-8940973,3
http://model.geneontology.org/R-HSA-432720,3
http://model.geneontology.org/61b2b68300000015,3
http://model.geneontology.org/R-HSA-373753,3
http://model.geneontology.org/60418ffa00000811,3
http://model.geneontology.org/R-HSA-110056,3
http://model.geneontology.org/R-HSA-159740,3
http://model.geneontology.org/614fa6f900000500,3
http://model.geneontology.org/R-HSA-975155,3
http://model.geneontology.org/R-HSA-163615,3
http://model.geneontology.org/R-HSA-1855229,3
http://model.geneontology.org/R-HSA-416550,3
http://model.geneontology.org/R-HSA-77285,3
http://model.geneontology.org/R-HSA-6791226,3
http://model.geneontology.org/R-HSA-1614603,3
http://model.geneontology.org/R-HSA-5620916,3
http://model.geneontology.org/6197061700000616,3
http://model.geneontology.org/R-HSA-174437,3
http://model.geneontology.org/R-HSA-140342,3
http://model.geneontology.org/R-HSA-174362,3
http://model.geneontology.org/R-HSA-9027604,3
http://model.geneontology.org/617b481400000672,3
http://model.geneontology.org/R-HSA-418217,3
http://model.geneontology.org/R-HSA-9018682,3
http://model.geneontology.org/R-HSA-1483076,3
http://model.geneontology.org/R-HSA-9034015,3
http://model.geneontology.org/R-HSA-1502540,3
http://model.geneontology.org/61b2b68300000303,3
http://model.geneontology.org/R-HSA-2025928,3
http://model.geneontology.org/R-HSA-3134975,3
http://model.geneontology.org/R-HSA-141333,3
http://model.geneontology.org/R-HSA-392154,3
http://model.geneontology.org/R-HSA-2142670,3
http://model.geneontology.org/R-HSA-380612,3
http://model.geneontology.org/60ad85f700003288,3
http://model.geneontology.org/60418ffa00001200,3
http://model.geneontology.org/R-HSA-5676934,3
http://model.geneontology.org/R-HSA-9027277,3
http://model.geneontology.org/R-HSA-997272,3
http://model.geneontology.org/R-HSA-3065678,3
http://model.geneontology.org/R-HSA-72764,3
http://model.geneontology.org/R-HSA-3108232,3
http://model.geneontology.org/R-HSA-77108,3
http://model.geneontology.org/R-HSA-8849469,3
http://model.geneontology.org/622aace900001389,3
http://model.geneontology.org/R-HSA-9027307,3
http://model.geneontology.org/6197061700003490,3
http://model.geneontology.org/R-HSA-77305,3
http://model.geneontology.org/613aae0000000338,3
http://model.geneontology.org/6197061700002298,3
http://model.geneontology.org/R-HSA-9707616,3
http://model.geneontology.org/R-HSA-190372,3
http://model.geneontology.org/R-HSA-525793,3
http://model.geneontology.org/R-HSA-112412,3
http://model.geneontology.org/R-HSA-9027284,3
http://model.geneontology.org/R-HSA-209560,3
http://model.geneontology.org/R-HSA-5653890,3
http://model.geneontology.org/R-HSA-456926,3
http://model.geneontology.org/R-HSA-2428933,3
http://model.geneontology.org/R-HSA-351200,3
http://model.geneontology.org/R-HSA-110373,3
http://model.geneontology.org/R-HSA-5693616,3
http://model.geneontology.org/R-HSA-6785807,3
http://model.geneontology.org/613aae0000000341,3
http://model.geneontology.org/R-HSA-6804114,3
http://model.geneontology.org/R-HSA-1855191,3
http://model.geneontology.org/R-HSA-190374,3
http://model.geneontology.org/R-HSA-427359,3
http://model.geneontology.org/5fadbcf000001101,3
http://model.geneontology.org/R-HSA-8849472,3
http://model.geneontology.org/R-HSA-5696397,3
http://model.geneontology.org/R-HSA-964975,3
http://model.geneontology.org/R-HSA-2408550,3
http://model.geneontology.org/R-HSA-111995,3
http://model.geneontology.org/R-HSA-418885,3
http://model.geneontology.org/R-HSA-202040,3
http://model.geneontology.org/R-HSA-8964058,3
http://model.geneontology.org/R-HSA-72203,3
http://model.geneontology.org/R-HSA-964739,3
http://model.geneontology.org/R-HSA-3371571,3
http://model.geneontology.org/R-HSA-2243919,3
http://model.geneontology.org/62183af000000874,3
http://model.geneontology.org/R-HSA-196108,3
http://model.geneontology.org/R-HSA-1810476,3
http://model.geneontology.org/57c82fad00000695,3
http://model.geneontology.org/R-HSA-73843,3
http://model.geneontology.org/R-HSA-8949664,3
http://model.geneontology.org/R-HSA-6811436,3
http://model.geneontology.org/61b2b68300000408,3
http://model.geneontology.org/R-HSA-5696400,3
http://model.geneontology.org/R-HSA-167044,3
http://model.geneontology.org/R-HSA-1307965,3
http://model.geneontology.org/R-HSA-2979096,3
http://model.geneontology.org/R-HSA-1296041,3
http://model.geneontology.org/R-HSA-8866904,3
http://model.geneontology.org/R-HSA-2142850,3
http://model.geneontology.org/R-HSA-937042,3
http://model.geneontology.org/6197061700003523,3
http://model.geneontology.org/R-HSA-162791,3
http://model.geneontology.org/R-HSA-2408552,3
http://model.geneontology.org/R-HSA-381042,3
http://model.geneontology.org/5fce9b7300001590,3
http://model.geneontology.org/61e0e55600000430,3
http://model.geneontology.org/R-HSA-6804754,3
http://model.geneontology.org/R-HSA-6782210,3
http://model.geneontology.org/R-HSA-9018677,3
http://model.geneontology.org/R-HSA-210455,3
http://model.geneontology.org/R-HSA-389948,3
http://model.geneontology.org/R-HSA-204174,3
http://model.geneontology.org/R-HSA-9674555,3
http://model.geneontology.org/6246724f00000331,3
http://model.geneontology.org/R-HSA-193993,3
http://model.geneontology.org/R-HSA-179812,3
http://model.geneontology.org/R-HSA-69895,3
http://model.geneontology.org/R-HSA-5689877,3
http://model.geneontology.org/60418ffa00001643,3
http://model.geneontology.org/R-HSA-9648025,3
http://model.geneontology.org/R-HSA-916853,3
http://model.geneontology.org/R-HSA-446205,3
http://model.geneontology.org/R-HSA-372708,3
http://model.geneontology.org/R-HSA-5334118,3
http://model.geneontology.org/622aace900000413,3
http://model.geneontology.org/R-HSA-77288,3
http://model.geneontology.org/R-HSA-177929,3
http://model.geneontology.org/R-HSA-975871,3
http://model.geneontology.org/613aae0000000011,3
http://model.geneontology.org/R-HSA-933542,3
http://model.geneontology.org/R-HSA-9026762,3
http://model.geneontology.org/R-HSA-428543,3
http://model.geneontology.org/R-HSA-480985,2
http://model.geneontology.org/R-HSA-418889,2
http://model.geneontology.org/R-HSA-156582,2
http://model.geneontology.org/R-HSA-72649,2
http://model.geneontology.org/R-HSA-8849468,2
http://model.geneontology.org/R-HSA-9026286,2
http://model.geneontology.org/R-HSA-9026290,2
http://model.geneontology.org/R-HSA-5362798,2
http://model.geneontology.org/R-HSA-9024909,2
http://model.geneontology.org/R-HSA-8849470,2
http://model.geneontology.org/R-HSA-8874211,2
http://model.geneontology.org/R-HSA-918233,2
http://model.geneontology.org/R-HSA-9013418,2
http://model.geneontology.org/R-HSA-190322,2
http://model.geneontology.org/R-HSA-450604,2
http://model.geneontology.org/R-HSA-212718,2
http://model.geneontology.org/R-HSA-110381,2
http://model.geneontology.org/R-HSA-168138,2
http://model.geneontology.org/R-HSA-9014325,2
http://model.geneontology.org/R-HSA-5693548,2
http://model.geneontology.org/R-HSA-3769402,2
http://model.geneontology.org/R-HSA-5221030,2
http://model.geneontology.org/R-HSA-9013406,2
http://model.geneontology.org/R-HSA-9013408,2
http://model.geneontology.org/R-HSA-170670,2
http://model.geneontology.org/R-HSA-1221632,2
http://model.geneontology.org/R-HSA-73762,2
http://model.geneontology.org/R-HSA-204626,2
http://model.geneontology.org/627d95ee00002030,2
http://model.geneontology.org/R-HSA-5419276,2
http://model.geneontology.org/R-HSA-381033,2
http://model.geneontology.org/R-HSA-177128,2
http://model.geneontology.org/R-HSA-5173214,2
http://model.geneontology.org/R-HSA-190370,2
http://model.geneontology.org/R-HSA-1236977,2
http://model.geneontology.org/R-HSA-211994,2
http://model.geneontology.org/R-HSA-381070,2
http://model.geneontology.org/R-HSA-1834941,2
http://model.geneontology.org/R-HSA-180336,2
http://model.geneontology.org/R-HSA-166663,2
http://model.geneontology.org/R-HSA-379398,2
http://model.geneontology.org/R-HSA-9026403,2
http://model.geneontology.org/R-HSA-72662,2
http://model.geneontology.org/R-HSA-190377,2
http://model.geneontology.org/R-HSA-432030,2
http://model.geneontology.org/R-HSA-140534,2
http://model.geneontology.org/R-HSA-3247509,2
http://model.geneontology.org/R-HSA-450520,2
http://model.geneontology.org/R-HSA-9013419,2
http://model.geneontology.org/R-HSA-8963678,2
http://model.geneontology.org/R-HSA-164378,2
http://model.geneontology.org/R-HSA-198323,2
http://model.geneontology.org/R-HSA-9013106,2
http://model.geneontology.org/R-HSA-8948747,2
http://model.geneontology.org/R-HSA-8853659,2
http://model.geneontology.org/R-HSA-933541,2
http://model.geneontology.org/R-HSA-975957,2
http://model.geneontology.org/R-HSA-9025046,2
http://model.geneontology.org/R-HSA-8934593,2
http://model.geneontology.org/R-HSA-2428928,2
http://model.geneontology.org/R-HSA-1655829,2
http://model.geneontology.org/R-HSA-165158,2
http://model.geneontology.org/R-HSA-114294,2
http://model.geneontology.org/60418ffa00000327,2
http://model.geneontology.org/R-HSA-1912399,2
http://model.geneontology.org/R-HSA-6814122,2
http://model.geneontology.org/R-HSA-190371,2
http://model.geneontology.org/60418ffa00001124,2
http://model.geneontology.org/R-HSA-2022090,2
http://model.geneontology.org/R-HSA-9013404,2
http://model.geneontology.org/R-HSA-9013425,2
http://model.geneontology.org/R-HSA-9032759,2
http://model.geneontology.org/R-HSA-170660,2
http://model.geneontology.org/R-HSA-8852405,2
http://model.geneontology.org/R-HSA-937072,2
http://model.geneontology.org/R-HSA-1912408,2
http://model.geneontology.org/R-HSA-8980692,2
http://model.geneontology.org/R-HSA-1433559,2
http://model.geneontology.org/R-HSA-6811434,2
http://model.geneontology.org/R-HSA-3065676,2
http://model.geneontology.org/R-HSA-68962,2
http://model.geneontology.org/R-HSA-5621480,2
http://model.geneontology.org/R-HSA-177504,2
http://model.geneontology.org/R-HSA-9634635,2
http://model.geneontology.org/R-HSA-8939211,2
http://model.geneontology.org/62900b6400001815,2
http://model.geneontology.org/R-HSA-5213460,2
http://model.geneontology.org/R-HSA-434313,2
http://model.geneontology.org/R-HSA-9008059,2
http://model.geneontology.org/R-HSA-937039,2
http://model.geneontology.org/R-HSA-73930,2
http://model.geneontology.org/R-HSA-8856825,2
http://model.geneontology.org/R-HSA-9627069,2
http://model.geneontology.org/R-HSA-9026357,2
http://model.geneontology.org/R-HSA-177135,2
http://model.geneontology.org/R-HSA-389542,2
http://model.geneontology.org/R-HSA-975110,2
http://model.geneontology.org/R-HSA-190375,2
http://model.geneontology.org/R-HSA-419408,2
http://model.geneontology.org/R-HSA-9013423,2
http://model.geneontology.org/R-HSA-190373,2
http://model.geneontology.org/R-HSA-1855170,2
http://model.geneontology.org/R-HSA-448706,2
http://model.geneontology.org/R-HSA-1483171,2
http://model.geneontology.org/R-HSA-8865999,2
http://model.geneontology.org/R-HSA-9034793,2
http://model.geneontology.org/R-HSA-5652227,2
http://model.geneontology.org/R-HSA-9013409,2
http://model.geneontology.org/R-HSA-8875513,2
http://model.geneontology.org/R-HSA-74752,2
http://model.geneontology.org/R-HSA-112409,2
http://model.geneontology.org/R-HSA-901042,2
http://model.geneontology.org/R-HSA-9026766,2
http://model.geneontology.org/R-HSA-69563,2
http://model.geneontology.org/R-HSA-9013700,2
http://model.geneontology.org/R-HSA-201681,2
http://model.geneontology.org/627d95ee00001943,2
http://model.geneontology.org/R-HSA-159236,2
http://model.geneontology.org/R-HSA-975144,2
http://model.geneontology.org/R-HSA-1462054,2
http://model.geneontology.org/R-HSA-75102,2
http://model.geneontology.org/R-HSA-9013420,2
http://model.geneontology.org/R-HSA-1169092,2
http://model.geneontology.org/R-HSA-9013026,2
http://model.geneontology.org/R-HSA-380320,2
http://model.geneontology.org/R-HSA-140180,2
http://model.geneontology.org/R-HSA-9035034,2
http://model.geneontology.org/R-HSA-416993,2
http://model.geneontology.org/R-HSA-9034013,2
http://model.geneontology.org/R-HSA-9006335,2
http://model.geneontology.org/R-HSA-1566948,2
http://model.geneontology.org/R-HSA-9013149,2
http://model.geneontology.org/R-HSA-9668328,2
http://model.geneontology.org/R-HSA-166665,2
http://model.geneontology.org/R-HSA-9013148,2
http://model.geneontology.org/R-HSA-210993,2
http://model.geneontology.org/R-HSA-141334,2
http://model.geneontology.org/R-HSA-1362409,2
http://model.geneontology.org/62900b6400001836,2
http://model.geneontology.org/R-HSA-9013405,2
http://model.geneontology.org/62183af000000536,2
http://model.geneontology.org/R-HSA-450385,2
http://model.geneontology.org/R-HSA-1679131,2
http://model.geneontology.org/R-HSA-5635838,2
http://model.geneontology.org/R-HSA-432722,2
http://model.geneontology.org/R-HSA-173623,2
http://model.geneontology.org/R-HSA-9701898,2
http://model.geneontology.org/R-HSA-8873719,2
http://model.geneontology.org/R-HSA-5218900,1
http://model.geneontology.org/R-HSA-380259,1
http://model.geneontology.org/R-HSA-167060,1
http://model.geneontology.org/R-HSA-75893,1
http://model.geneontology.org/R-HSA-5694530,1
http://model.geneontology.org/R-HSA-1855156,1
http://model.geneontology.org/R-HSA-418886,1
http://model.geneontology.org/R-HSA-8986944,1
http://model.geneontology.org/R-HSA-381676,1
http://model.geneontology.org/R-HSA-1538133,1
http://model.geneontology.org/R-HSA-392170,1
http://model.geneontology.org/R-HSA-5660668,1
http://model.geneontology.org/R-HSA-1059683,1
http://model.geneontology.org/R-HSA-1660508,1
http://model.geneontology.org/R-HSA-3371568,1
http://model.geneontology.org/R-HSA-72200,1
http://model.geneontology.org/R-HSA-72163,1
http://model.geneontology.org/R-HSA-211163,1
http://model.geneontology.org/R-HSA-69200,1
http://model.geneontology.org/R-HSA-9619665,1
http://model.geneontology.org/R-HSA-3248023,1
http://model.geneontology.org/R-HSA-373752,1
http://model.geneontology.org/R-HSA-1855231,1
http://model.geneontology.org/R-HSA-9013695,1
http://model.geneontology.org/R-HSA-3238698,1
http://model.geneontology.org/R-HSA-159782,1
http://model.geneontology.org/R-HSA-1606341,1
http://model.geneontology.org/R-HSA-428542,1
http://model.geneontology.org/R-HSA-2468052,1
http://model.geneontology.org/R-HSA-1855192,1
http://model.geneontology.org/R-HSA-190704,1
http://model.geneontology.org/R-HSA-933543,1
http://model.geneontology.org/R-HSA-9013957,1
http://model.geneontology.org/R-HSA-9609523,1
http://model.geneontology.org/R-HSA-8939243,1
http://model.geneontology.org/R-HSA-8953750,1
http://model.geneontology.org/R-HSA-111469,1
http://model.geneontology.org/R-HSA-9616222,1
http://model.geneontology.org/R-HSA-191650,1
http://model.geneontology.org/R-HSA-8963888,1
http://model.geneontology.org/R-HSA-5617472,1
http://model.geneontology.org/R-HSA-112399,1
http://model.geneontology.org/R-HSA-9613354,1
http://model.geneontology.org/R-HSA-8866423,1
http://model.geneontology.org/R-HSA-2408499,1
http://model.geneontology.org/R-HSA-5620912,1
http://model.geneontology.org/R-HSA-8854521,1
http://model.geneontology.org/R-HSA-112122,1
http://model.geneontology.org/R-HSA-449836,1
http://model.geneontology.org/R-HSA-9664873,1
http://model.geneontology.org/R-HSA-5357956,1
http://model.geneontology.org/R-HSA-174417,1
http://model.geneontology.org/R-HSA-937041,1
http://model.geneontology.org/R-HSA-111446,1
http://model.geneontology.org/R-HSA-76042,1
http://model.geneontology.org/R-HSA-391160,1
http://model.geneontology.org/R-HSA-844456,1
http://model.geneontology.org/R-HSA-2404192,1
http://model.geneontology.org/R-HSA-9686347,1
http://model.geneontology.org/R-HSA-1433617,1
http://model.geneontology.org/R-HSA-111458,1
http://model.geneontology.org/R-HSA-162699,1
http://model.geneontology.org/R-HSA-6781827,1
http://model.geneontology.org/R-HSA-75953,1
http://model.geneontology.org/R-HSA-9609736,1
http://model.geneontology.org/R-HSA-211728,1
http://model.geneontology.org/R-HSA-2562578,1
http://model.geneontology.org/R-HSA-419037,1
http://model.geneontology.org/R-HSA-354194,1
http://model.geneontology.org/R-HSA-139915,1
http://model.geneontology.org/R-HSA-2682334,1
http://model.geneontology.org/R-HSA-159763,1
http://model.geneontology.org/R-HSA-112411,1
http://model.geneontology.org/R-HSA-210990,1
http://model.geneontology.org/R-HSA-177162,1
http://model.geneontology.org/R-HSA-1855215,1
http://model.geneontology.org/R-HSA-428930,1
http://model.geneontology.org/R-HSA-390522,1
http://model.geneontology.org/R-HSA-168927,1
http://model.geneontology.org/R-HSA-3249367,1
http://model.geneontology.org/R-HSA-912631,1
http://model.geneontology.org/R-HSA-111933,1
http://model.geneontology.org/R-HSA-8964616,1
http://model.geneontology.org/R-HSA-9707587,1
http://model.geneontology.org/R-HSA-392851,1
http://model.geneontology.org/R-HSA-2142696,1
http://model.geneontology.org/R-HSA-389356,1
http://model.geneontology.org/R-HSA-9759194,1
http://model.geneontology.org/R-HSA-8866376,1
http://model.geneontology.org/R-HSA-68911,1
http://model.geneontology.org/R-HSA-5690714,1
http://model.geneontology.org/R-HSA-113418,1
http://model.geneontology.org/R-HSA-1300645,1
http://model.geneontology.org/R-HSA-69166,1
http://model.geneontology.org/R-HSA-198765,1
http://model.geneontology.org/R-HSA-3371511,1
http://model.geneontology.org/R-HSA-9017802,1
http://model.geneontology.org/R-HSA-975163,1
http://model.geneontology.org/R-HSA-187042,1
http://model.geneontology.org/R-HSA-428890,1
http://model.geneontology.org/R-HSA-3270619,1
http://model.geneontology.org/R-HSA-450513,1
http://model.geneontology.org/R-HSA-9010642,1
http://model.geneontology.org/R-HSA-73728,1
http://model.geneontology.org/R-HSA-3371378,1
http://model.geneontology.org/R-HSA-8941332,1
http://model.geneontology.org/R-HSA-5657655,1
http://model.geneontology.org/R-HSA-5250924,1
http://model.geneontology.org/R-HSA-9706019,1
http://model.geneontology.org/R-HSA-912526,1
http://model.geneontology.org/R-HSA-139910,1
http://model.geneontology.org/R-HSA-1660537,1
http://model.geneontology.org/R-HSA-8963901,1
http://model.geneontology.org/R-HSA-3134963,1
http://model.geneontology.org/R-HSA-112382,1
http://model.geneontology.org/R-HSA-187024,1
http://model.geneontology.org/R-HSA-73933,1
http://model.geneontology.org/R-HSA-163359,1
http://model.geneontology.org/R-HSA-193634,1
http://model.geneontology.org/R-HSA-8854518,1
http://model.geneontology.org/R-HSA-2214320,1
http://model.geneontology.org/R-HSA-418890,1
http://model.geneontology.org/R-HSA-428540,1
http://model.geneontology.org/R-HSA-9706374,1
http://model.geneontology.org/R-HSA-500657,1
http://model.geneontology.org/R-HSA-5263617,1
http://model.geneontology.org/R-HSA-202733,1
http://model.geneontology.org/R-HSA-8985586,1
http://model.geneontology.org/R-HSA-5099900,1
