sset:Kir heterotetramers,Q92806,P48549,P63252,P78508,P48544,Q99712,P48050,Q9NPI9,Q14500,P48051
"sset:p-PLC gamma1,2",P16885,P19174
sset:PLC-beta,Q00722,Q15147,Q9NQ66,Q01970
sset:G-protein alpha (q/11/14/15),O95837,P30679,P29992,P50148
sset:IP3R subunits,Q14571,Q14573,Q14643
sset:ITPR tetramers,Q14571,Q14573,Q14643
sset:PLCdegh,P16885,P51178,Q8N3E9,Q4KWH8,Q9P212,P19174,O75038
sset:PLCbz,Q01970,Q15147,Q9NQ66,Q86YW0,Q00722
sset:PLC-beta 1/2/3,Q00722,Q9NQ66,Q01970
sset:G-protein gamma subunit,P50151,P63211,P50150,O14610,Q9P2W3,P63215,P59768,Q9UBI6,O60262,Q9UK08,P63218,P61952
sset:GNB,Q9HAV0,P62873,O14775,P62879,P16520
"sset:G(q) alpha 11,14,15,Q",O95837,P30679,P29992,P50148
"sset:PLC beta1,2,3",Q00722,Q9NQ66,Q01970
sset:ORAI dimer,Q96D31,Q96SN7
sset:PL(C)D4:3xCa2+,Q9BRC7,Q96BZ4
sset:PI3K-catalytic subunit,P42336,P42338
sset:PI3K-regulatory subunit,P27986,O00459
sset:p-PKC,Q05513,P17252,P05771,Q05655
"sset:p-PKCA,p-PKCB,p-PKCZ,p-PKCD",Q05513,P17252,P05771,Q05655
"sset:PPP3CA,B",P16298,Q08209
sset:p-4Y-PLCG,P16885,P19174
sset:SYK/BTK,Q06187,P42681,P43405,Q08881,P42680
sset:PKC-delta/epsilon,Q02156,Q05655
sset:Phosphatidate phosphatase,Q5VZY2,Q8NEB5
sset:PLD,Q8IV08,Q13393,O14939,Q96BZ4
sset:PIP5K1A-C,Q99755,O60331,O14986
sset:PIP4K2 dimers,P78356,P48426,Q8TBX8
sset:ITPKA/B/C,Q96DU7,P27987,P23677
sset:INPP5(3)/ITPK1,O15357,Q01968,Q13572,Q92835,Q15735,O43426
sset:Inositol polyphosphate 5-phosphatase,P32019,Q01968
"sset:p-RASGRP1,3",Q8IV61,O95267
sset:INPP4A/B,O15327,Q96PE3
sset:IMPA1/2,P29218,O14732
sset:INPP5A/B,P32019,Q14642
sset:INPP5(4),Q15735,O43426,Q01968
"sset:LYN, p-SYK",P01766,P01611,P01772,A2KUC3,P01742,P04430,P06310,Q8WV28,A0M8Q6,P23083,P01704,P62993-1,Q07889,P01782,P01814,P07948,A0A0C4DH73,P01703,P01880,P01764,Q5NV92,P01780,P01721,A0A075B6P5,P01768,P06312,Q5NV87,P01619,Q5NV82,P01599,A0A075B6S6,Q5NV81,P40259,P01763,P01743,P01767,P01706,P01602,Q5NV80,P01718,P0CG04,P06331,P11912,Q5NV67,P01834,P01817,Q5NV86,Q5NV68,P01824,Q5NV65,P0DOY2,P04432,A2NXD2,P01709,P01871,P01701,P01717,Q6PIL0,Q5NV89,P16333,P01597,P01614,Q5NV69,Q5NV66,P01714,P01825,P01601,Q5NV75,P04433,P06315,P01594,P01762,P01615,Q5NV90,Q5NV91,P80748,Q5NV85,A0A0C4DH25,Q06187,P15498,P01624,P16885,Q5NV61,Q96B97,Q5NV62,P0CF74,Q5NV64,P01699,P01593,P01705,Q5NV79,P04211,P0DOY3,A2NJV5,Q5NV84,Q5NV83,P01700,P01715,P43405
"sset:LYN,FYN,BLK",P07948,P06241,P51451
sset:Diacylglycerol kinase,Q9Y6T7,P23743,Q13574,Q5KSL6,P52824,O75912,Q86XP1,P52429,Q16760,P49619
sset:Activator:PI3K,O00329,P35568,Q9Y4H2,P33681,P21802-18,P03372,O14944,Q99075,P11487,P14210,P03372-4,P08620,P62993-1,P21802-3,P04626,O60258-1,O76093,O43320,Q86Z14,Q02297-10,O00459,P22607-2,Q92569,O43815,P42336,P84095,Q8WU20,P12931,P35070,O14511,P55075-1,P09619,P08581,Q6PIZ9,P27986,Q92731,Q6ZUJ8,Q9NP95,P10721,P01133,Q9UEF7-2,Q9UEF7-1,P21781,O95750,P22455,P11362-19,O15520,P56975,P21802-5,P31371,Q9Y6W8-1,P01127,P09038,P49771,Q9GZV9,Q13480,P05230,Q15303-2,P42338,P15498,P16234,P00533,P42081,P06239,P22607-1,P21860-1,P06241,Q9UQC2,P63000,P10747,P21583-1,Q8WWG1,P04085-2,P11362-1,P15153,P03372-3,P04085-1,Q9HCT0,Q06124,P36888,Q02297,P15391,P12034-1,P10767,P21802-1,Q15303-1
sset:VAV family,P15498,P52735,Q9UKW4
"sset:PI3-kinase gamma, regulatory subunit",Q8WYR1,Q5UE93
"sset:p-S,T-PAK1,2,3",O75914,Q13177,Q13153
"sset:PAK1,2,3 dimer",O75914,Q13177,Q13153
"sset:PI3K alpha, beta, gamma",O00459,P27986,Q8WYR1,P42338,Q92569,Q5UE93,P42336,P48736
sset:G-protein alpha (o/t2),P19087,P09471
sset:WNT/Ca2+ FZDs,Q9ULV1,O60353,Q13467,Q14332,Q9NPG1
sset:WNT5A/WNT11,O96014,P41221
sset:Active AKT,P31751,Q9Y243,P31749
sset:Src family tyrosine kinases (SFKs),P07948,P06241,P12931-1,P06239,P07947
"sset:DDAH1,2",O95865,O94760
sset:Voltage-gated Calcium Channels (pancreatic beta cell),Q13936,Q15878,Q01668,O00555
sset:Beta Subunit of Voltage-dependent Calcium Channel (pancreatic beta cell),Q08289,P54284
"sset:GLUT1,2",P11168,P11166
sset:Adenylate cyclase,O60503,Q08828,P51828,P40145,O60266,Q08462,O95622,Q8NFM4,O43306
sset:Gs,P63092,Q5JWF2
sset:DARPP-32 phosphorylated on T34
"sset:PPP3CA,B,C",P48454,P16298,Q08209
sset:PP2A-catalytic subunit C,P67775,P62714
"sset:PRKACA,PRKACB,PRKACG",P17612,P22694,P22612
"sset:PDE4A,C,D",P27815,Q08499,Q08493
sset:p-T75-DARPP32s
sset:p-Y348-SYK/LCK,P43405,P06239
sset:Guanylate cyclase soluble subunit alpha,Q02108,P33402
sset:Guanylate cyclase soluble subunit beta,Q02153,O75343
"sset:NOS1,2,3",P35228,P29475,P29474
sset:Phosphorylated Smooth Muscle Myosin Light Chain,P14649,P24844,Q01449,Q02045,Q9BUA6,P19105,O14950,P60660,Q96A32
sset:METAP1/2,P50579,P53582
"sset:GRK1,4,7",P32298-1,Q8WTQ7,Q15835
sset:PRKCA/Q,Q04759,P17252
sset:NMT1/2,O60551,P30419
sset:GUCYs,Q02846,P51841
sset:P2RX receptors,Q99572,Q93086,Q99571,Q9UBL9,P56373,O15547,P51575
sset:TRPC3/6/7,Q9Y210,Q9HCX4,Q13507
sset:Diacylglycerol lipase,Q8NCG7,Q9Y4D2
"sset:ABHD6,12",Q8N2K0,Q9BV23
sset:Growth Hormone,P01241,P01242
"sset:SHP1,SHP2",Q06124,P29350
sset:High affinity binding complex dimers of cytokine receptors using Bc. activated JAK2:STAT5,P04141,P15509,P08700,P26951,Q01344,P05113
sset:STAT5,P42229,P51692
sset:SHC kinases in IL2 signaling,P23458,P06239
sset:ERAP1/2,Q9NZ08,Q6P179
sset:IFN gamma stimulated aminopeptidases,Q13867,P55786,P29144,Q9UIQ6
"sset:CAMK2A,CAMK2B,(CAMK2D,CAMK2G)",Q9UQM7,Q13554,Q13555,Q13557
sset:GRIN1:GRIN2B NMDA receptors,O15399
"sset:DLG1,DLG2,DLG3,DLG4",Q92796,Q15700,Q12959,P78352
sset:RASGRF1 oligomer,O14827
"sset:PRKACA,(PRKACB,PRKACG,PRKX)",P17612,P51817,P22694,P22612
"sset:ADCY1,ADCY8",Q08828,P40145
sset:C4 activators,O00602,P02747,P01766,P01611,P11226,P01772,P01861,A2KUC3,P01742,P04430,P06310,A0M8Q6,P23083,P01704,P01782,P01814,A0A0C4DH73,P00736,Q15485,P48740,P01703,P01764,Q5NV92,P01780,P01721,A0A075B6P5,P01768,P06312,Q5NV87,P01619,Q5NV82,P01599,A0A075B6S6,Q5NV81,O75636,P01763,P01743,P01767,P01706,P01602,Q5NV80,P02745,P01718,P0CG04,P06331,Q5NV67,P01834,P01817,Q5NV86,Q5NV68,P01824,Q5NV65,O00187-1,P0DOY2,P04432,P09871,Q9Y6Z7,A2NXD2,P01709,Q9BWP8,P01701,P01717,Q6PIL0,P01857,Q5NV89,P01597,P01614,Q5NV69,Q5NV66,P01714,P01825,P01601,Q5NV75,P04433,P06315,P01594,P01762,P01615,Q5NV90,Q5NV91,P80748,Q5NV85,A0A0C4DH25,P01624,Q5NV61,Q5NV62,P01860,P0CF74,Q5NV64,P01699,P01593,P01705,Q5NV79,P04211,P0DOY3,A2NJV5,Q5NV84,Q5NV83,P01700,P01715,P02746,P01859
sset:C3 convertases,P0C0L4,P01024,P00751,P0C0L5,P06681
sset:C5 convertases,P00751,P0C0L4,P06681,P0C0L5
sset:Complement factor D,P00746,P51124
"sset:Activated thrombin, (ELANE)",P00734,P08246
"sset:CPN, CBP2",Q96IY4,P15169,P22792
"sset:CD46, CR1:C4b:C3b complexes",P15529,P0C0L4,P01024,P17927,P0C0L5
sset:E3 ligases in proteasomal degradation,Q6ZNA4,Q9H469,Q9UBF6,Q9H672,Q14145,Q96CD0,Q63HN8,Q6ZVZ8,Q7Z6Z7,Q9H1A4,Q13617,Q17RB8,Q8NG27,Q8TBB1,Q9UKT7,Q8N7E2,Q8TB52,Q9Y252,Q9H4P4,Q9UK22,Q86WT6,Q8NHG8,Q969P5,O14543,Q9UKB1,Q9BYM8,Q9UJT9,Q9BSL1,O43255,Q9Y4B6,Q13191,P41002,Q96J02,Q96F44,Q9BV68,Q96Q27,Q2Q1W2,O15033,Q9UJX4,Q9UH77,Q7Z6E9,Q9UJX2,Q5T4S7,Q8NFY9,Q7Z3V4,Q15751,O94941,A6NK59,O94874,Q8N1E6,Q6Q0C0,Q9UKA1,Q9NRD1,Q6PCT2,Q9Y2M5,Q8NEE6,Q5VTB9,P62877,Q92990,O60291,Q969H0,Q15370,Q8ND25,O94952,P19474,Q9UKT5,Q9UM13,Q6UWE0,Q8IWV8,Q9UJP4,Q5U5R9,Q9UHC7,O60662,Q9HCM9,Q5XPI4,O94822,Q8N3Y1,Q8WXH4,Q9NQ86,Q15369,Q8WVZ9,Q13618,Q9UM11,Q5T447,Q7Z6J0,Q96PU5,Q5XUX0,Q8N461,Q9UJX3,Q8WXK4,Q8IYU2,Q15386,Q13616,Q86XS8,Q9BS18,P30260,Q969Q1,Q6X9E4,Q13049,Q969K3,Q96L50,Q15034,Q9UKA2,Q05086,O60260,Q8TF61,Q9NVW2,Q9HAU4,Q8WV44,Q9UNE7,Q8TDB6,Q8WXK1,Q8IUQ4,Q9NVR0,Q9UJX5,O95714,O95198,C9JR72,Q9C026,Q9H765,Q8IWV7,Q9H0M0,Q93034,Q9C037,Q9H4M3,Q8WY64,Q9Y3I1,Q9BWF2,Q96MP8,P46934,Q8NHZ8,O43164,Q13309,Q9P2J3,Q969U6,Q8WXJ9,Q9NYG5,Q9NWX5,Q5XUX1,Q96NS5,O95376,Q9Y574,Q96EF6,Q96PM5,Q05516,O94972,P63208,Q7Z6J8,Q14999,Q9H9P5,Q96DX5,Q86V97,Q99619,Q8NI29,Q96AX9,Q86Y13,Q9UKT6,Q5XX13,Q5GLZ8,Q9NXK8,Q96A44,Q8WWI1,Q96BH1,Q9UK96,Q9HCE7,P40337,Q9Y575,Q9ULT8,Q9Y576,Q86XT4,Q6P050,Q9P2N7,Q8IVU3,O15524,Q13042,Q9UK97,Q8NCQ5,Q86XK2,Q9Y297,Q14669,Q9Y508,Q8WVD3,Q53GT1,Q9Y4L5,Q96PQ7,Q9UKT8,Q8WXK3,Q9Y6I7,Q5U5Q3,Q8WXI3,Q96BD6,Q8NEZ5,Q8N6D2,Q96IG2,Q8TC41,Q96ME1,Q9H0C5,Q7Z419,Q9P2K6,Q7L5Y6,Q12834,Q6ZMZ0,Q9H0H3,Q96KE9,Q15345,P78317,Q9H2C0,Q8WWX0,Q9UII4,Q9P2P5,Q9NV58,Q9UH90,P57775,Q14139,Q8NC69,Q9UBS8,Q9UJX6
sset:E2 Ubiquitin-conjugating enzyme,Q969M7,P60604,Q9C0C9,Q13404,P51668,P61081,Q9Y385,P68036,P41226,Q8N2K1,Q9Y2X8,P49427,Q5VVX9,Q9H832,Q7Z7E8,P61077,P62253,Q969T4,P51965,P61088,Q712K3,Q16763,O14933,P61086,Q8WVN8,P63146,Q96B02,O00762,P62256,P62837,Q96LR5,P49459,Q15819
sset:Activating enzymes E1,Q9GZZ9,Q8TBC4,P22314,A0AVT1,O95352,P41226
"sset:Protein kinase C (alpha, gamma, delta)",P17252,P05129,Q05655
"sset:p-S221,T359,S363,S380,T573,T732-RSK",Q9UK32,Q15418,P51812,Q15349
sset:CaMKK,Q96RR4,Q8N5S9
sset:p-CaMKK,Q96RR4,Q8N5S9
sset:Prolactin receptor ligands,P01236,P01241,P01242,P0DML2
"sset:p-T286-CAMK2A,p-T287-CAMK2B,(p-T287-CAMK2D,p-T287-CAMK2G)",Q13554,Q13557,Q13555,Q9UQM7
sset:GRIN1:GRIN2 NMDA receptors,Q14957,Q13224,Q12879,O15399
"sset:ELMO1,ELMO2",Q92556,Q96JJ3
"sset:DOCK1,TRIO",O75962,Q14185
"sset:CDC42:GTP,RAC1:GTP:PAK1,PAK2,PAK3",O75914,Q13177,Q13153
sset:Active RAC1/CDC42,P63000,P60953
"sset:ROCK1,ROCK2",O75116,Q13464
sset:RHOA/B/C,P61586,P08134,P62745
"sset:p-S,T-PAK1,2",Q13177,Q13153
sset:LRPs,Q14114,Q9Y561,Q07954,P98164,Q7Z4F1
sset:AKRs,Q04828,P17516,P42330,O60218
"sset:SIAH1, SIAH2",Q8IUQ4,O43255
"sset:NAT8, 8B",Q9UHF3,Q9UHE5
sset:APH1,Q96BI3,Q8WW43
sset:CTL1-5,Q8WWI5,Q8NCS7,Q53GD3,Q8N4M1,Q8IWA5
sset:ST3GAL1-4,Q11203,Q16842,Q11201,Q11206
sset:ST6GALNAC3/4,Q8NDV1,Q9H4F1
sset:PXLP-GAD dimers,Q99259
sset:MAT1A multimers
sset:CBP/p300,Q09472,Q92793
sset:FBXW7alpha/gamma,Q969H0-1,Q969H0-4
"sset:p-Pellino-1,2,(3)",Q96FA3,Q8N2H9,Q9HAT8
sset:CSNK2(A1:A1/A1:A2/A2:A2),P19784,P68400
"sset:PRDX1,2,5",Q06830,P30044-2,P32119
sset:GLS dimers,O94925,Q9UI32
"sset:GCK, HK1, HK2, HK3",P19367,P35557,P52790,P52789
sset:G6PD dimer and tetramer
sset:FBP tetramer,P09467,O00757
sset:GSTO dimers,Q9H4Y5,P78417
sset:p-AMPK alpha,P54646,Q13131
sset:AMPK beta,Q9Y478,O43741
sset:AMPK gamma,Q9UGI9,Q9UGJ0,P54619
"sset:SERINC3,5,(1,2,4)",A6NH21,Q13530,Q86VE9,Q9NRX5,Q96SA4
"sset:PRSS1,3,CTRB1,2",P17538,P07477,P35030,Q6GPI1
"sset:UCHL3,SENP8",Q96LD8,P15374
sset:COP9 signalosome complex subunit 7,Q9UBW8,Q9H9Q2
sset:GGT dimers,P36269,A6NGU5,Q9UJ14,Q6P531,P19440
"sset:ABCC2, ABCG2 tetramer",Q92887,Q9UNQ0
"sset:ABCC3, ABCC4",O15438,O15439
"sset:GSTM1,P1,T1 dimers",P09211,P30711,P09488
"sset:ABCC1,4,5",P33527,O15439,O15440
"sset:NAT1,2",P18440,P11245
sset:UGTs (O-GlcA forming),P54855,P35504,P22309,Q6NUS8,O75795,P16662,Q9HAW7,O75310,Q9BY64,P36537,P0DTE4,Q6UWM9,O60656,P19224,Q3SY77,P35503,P06133,P22310,P0DTE5,Q9HAW9
sset:ACSM2B-like proteins,P0C7M7,Q68CK6,Q08AH3,Q6NUN0
sset:GLYAT-like proteins,Q5SZD4,Q969I3,Q6IB77,Q8WU03
"sset:CES1 trimer, CES2",P23141,O00748
"sset:CYP2,3 cytochromes",P33261,P08684,P05181,P10632,P11712,P10635
"sset:ABCC2, ABCC3",O15438,Q92887
"sset:TBK1, IKBKE",Q9UHD2,Q14164
"sset:CHAC1,2",Q8WUX2,Q9BUX1
sset:MAN2:Zn2+,P49641,Q16706
"sset:TBK1:TBK1, IKBKE:IKBKE",Q9UHD2,Q14164
sset:p-VAV family,P15498,P52735,Q9UKW4
sset:IMPDH tetramers,P20839,P12268
"sset:CMPK1, AK1",P00568,P30085
"sset:NME1,2 hexamers",P15531,P22392
"sset:NME1:NME3 heterohexamer, NME2P1",Q13232,P15531,O60361
sset:Adenylate Kinase,P00568,P30085
"sset:AK5,7,8,9",Q5TCS8,Q9Y6K8,Q96MA6,Q96M32
"sset:GPX7,8",Q96SL4,Q8TED1
sset:SOD3 (cleaved and uncleaved)
"sset:PRDX3,5",P30044-1,P30048
"sset:GPX5, (GPX6)",O75715,P59796
"sset:NOX4, NOX5",P13498,P04839,Q96PH1,Q9NPH5
sset:SCNN1A/1D,P37088,P51172
"sset:CYP1A2,3A4,3A5,2A13",Q16696,P20815,P05177,P08684
sset:Cytochrome P450 (CYP2E1 based),P33261,Q16696,P05181,P10632,P20853,P11712,P24903,P20813,Q96SQ9,P11509,P10635
sset:MGST trimers,Q99735,P10620,O14880
sset:GST dimers,P08263,Q9H4Y5,Q03013,P78417,Q7RTV2,P46439,O15217,P09488,P30711,P0CG30,P0CG29,P09210,P21266,O43708,P09211,O60760,P28161,Q16772
"sset:CSNK1E,CSNK1D",P48730,P49674
"sset:HMOX1 dimer, HMOX2",P30519,P09601
"sset:BLVRA:Zn2+,BLVRB",P53004,P30043
"sset:p-T,Y MAPK dimers",P28482,P27361
sset:Phospho-Ribosomal protein S6 kinase,P51812,Q15418,Q15349
"sset:UGT1A3,A4,A9",O60656,P22310,P35503
sset:UCP,P55851,P25874,P55916,O95258,O95847
sset:ANT homodimer,P05141,P12236
sset:p-Y-JAK1:p-JAK2,O60674,P23458
sset:SOCS-1 and SOCS-3,O15524,O14543
sset:Histone deacetylase,Q13547,Q92769,O15379
sset:Legumain/Cathepsins,Q99538,P43235,P25774,P07711,P07858
sset:FTH1:FTL,P02794,P02792
"sset:TMC1,2",Q8TDI7,Q8TDI8
"sset:Caspase-3, Caspase-7",P42574,P55210
sset:MAN1A1/A2/C1,P33908,Q9NR34,O60476
"sset:BIRC2,3,4",P98170,Q13489,Q13490
sset:RIPK1 deubiquitinases,Q6GQQ9,Q9UK80,Q9NQC7,P21580,Q13107,O75604
"sset:SPPL2A,SPPL2B",Q8TCT7,Q8TCT8
sset:RAS,P01111,P01112,P01116
sset:p-ERBB4 homodimers,Q15303-3,Q15303-1,Q15303-2
sset:NRGs/EGF-like ligands,O14944,Q99075,Q8WWG1,P35070,Q02297,O14511,P56975
sset:RAS GEFs,Q99748,Q9NRC6,O15020,P35568,O00451,Q9Y4H2,P21802-18,O60674,O14944,Q99075,P11487,Q92529,P14210,P08620,P21802-3,P62993-1,Q07889,P04626,O60258-1,O76093,O43320,Q86Z14,P35609,Q05397,Q02297-10,Q12959,P22607-2,Q5T4W7,P11277,Q13555,Q05586,Q8WU20,P52333,O60542,P35070,P56159,O14511,Q13972,P55075-1,Q13557,Q9UQM7,P09619,P0DP23,P02549,P04141,P08581,Q15303-3,Q9Y4G8,O60609,O14827,Q8TDF6,Q9NP95,Q92796,Q13554,P10721,Q9H254,P01133,P29353-2,Q02763,Q9UEF7-2,Q01344,P29353-3,Q9UEF7-1,P05113,P21781,P60568,O43561-2,O95750,P22455,P11362-19,O15520,P07196,P56975,P15509,P21802-5,P26951,P31371,P13591,O43559,P01127,P09038,P29353,P32927,Q9GZZ7,P49771,Q9GZV9,Q8IV61,Q13813,P05230,Q15303-2,P18433,P78352,O95267,P16234,P00533,Q15389,P22607-1,P08700,P06241,P21860-1,Q8WWG1,P21583-1,P04085-2,P98077,P39905,P07949,P11362-1,Q13224,Q8N9B8,Q96S59,P04085-1,Q9HCT0,Q01082,P14784,P36888,P23458,Q02297,P31785,P01589,P12034-1,Q96NW7,P10767,Q15700,P21802-1,Q15303-1,O15399
sset:p-S206-NEK6/p-S195-NEK7,Q8TDX7,Q9HC98
sset:DLCs,P63167,Q96FJ2
sset:PP2A-subunit A,P30154,P30153
sset:PP2A regulatory subunit B56,Q13362,Q14738,Q15172,Q15173,Q16537
sset:DICs,O14576,Q13409
sset:DLIs,O43237,Q9Y6G9
sset:PDS5,Q9NTI5,Q29RF7
"sset:CCNB1,CCNB2:p-T161-CDK1",P14635,O95067
"sset:p21,p27",P46527,P38936
"sset:LYPLA1 dimer, ABHD17A,B,C",Q5VST6,O75608,Q96GS6,Q6PCB6
"sset:PKCZ,PRKG2",Q04759,Q13237
sset:activated PDE1 dimers,Q14123,P54750,Q01064
"sset:Active PRKACA,CaMK IV",P17612,Q16566,P0DP23
"sset:Active CaMK IV,(CaMK II)",Q13554,Q13557,Q9UQM7,Q13555,Q16566
sset:Protein kinase C conventional and novel isoforms,Q04759,P05129,Q02156,P24723,P17252,P05771,Q05655
"sset:RGS16,17,20",Q9UGC6,O15492,O76081
sset:G alpha (i),P63096,A8MTJ3,P08754,P04899
sset:Ligand:GPCR complexes that activate Gi,Q9Y5Q6,O15354,P07602,P48645,Q8NHW4,Q14330,Q8N729,P19876,P32246,Q99527,P01189,P50052,O75899,O60883,P30874,Q9ULZ1,P43115,Q9BPV8,P21554,P21462,Q9NYW6,P34972,Q9H228,Q8TDU9,P47898,Q99731,P42830,P01210,O43603,P59541,P31391,P41597,P32302,P02778,P02776,P32248,Q9NYV7,P05067,Q8IVG9,Q9NRJ3,Q9H2A7,Q9NYW1,Q9NYW5,P18089,Q9NYW2,Q14831,P20382,Q9BXC0,P49146,P48039,Q9BXA5,O14625,P55773-2,Q9NYW7,P08173,P51681,O00222,P46092,P49682,Q14832,P30939,O15444,P32249,P08172,P51684,Q9HB89,P19875,O00574,P09341,Q99705,Q9GZQ4,Q8TDS5,O15467,Q9H244,P35346,P48146,P48061,P59533,Q9UBY5,O95977,P01213,P04083,P51679,P59536,Q14833,O00270,P08913,Q9NSD7,P01298,Q92633,O00230,P78556,P59551,P30542,O00585,P49019,P59540,P30872,Q16581,P59543,P13501,P59535,Q9UBS5,P47211,P21730,P18825,P0DMS8,Q9Y5Y4,P51582,Q99616,Q96P68,P02775,P25929,Q9NYV9,P51685,P59542,Q9HBW0,Q9NRV9,P35462,Q07325,P35414,O60755,P35372,P01303,P28566,Q5H8A3,P41145,Q99500,P01019,Q9Y4X3,P28221,P59544,P41146,Q15761,P41180,P13236,P01031,Q13304,Q7RTX0,Q8TE23,P01024,P25089,Q14416,P21917,Q9H1C0,P01042,P46663,P28222,P25090,P49238,P25024,O43927,O15303,Q8NG41,P51686,P22466,P22362,Q969V1,P61278,P59538,P61073,P10145,Q8WXF3,O95136,P80162,Q7RTR8,P50391,P59534,Q9Y2T6,Q9NYW0,P30411,P78423,Q9H3N8,Q15391,Q7RTX1,Q9NYV8,P10082,P59539,P25025,P0DJI8,P59537,P48145,P51677,Q9NYW4,Q9NYW3,P41143,P25106,P32745,P49286,Q8TDS4,Q13519
"sset:ADRA2A,B,C",P18089,P08913,P18825
"sset:RRAGC,D:GTP",Q9NQL2,Q9HB90
"sset:RRAGA, RRAGB:GTP",Q7L523,Q5VZM2
sset:PFKFB dimers,O60825,Q16875,Q16877,P16118
sset:RPE:Fe2+ dimers,Q96AT9,Q2QD12
sset:pyruvate kinase tetramer,P30613-1,P30613-2,P14618-1,P14618-2
sset:PGAM dimers,P18669,P15259
sset:enolase dimer,P09104,P13929,P06733
sset:aldolase tetramer,P04075,P09972,P05062
sset:PFK tetramer,Q01813,P17858,P08237
sset:GAPDH tetramers,O14556,P04406
"sset:GNPDA1,2 hexamers",P46926,Q8TDQ7
sset:PGK complexes,P07205,P00558
sset:Rap1 cAMP-GEFs,Q8WZA2,O95398
sset:Rap1 GTPase-activating proteins,Q684P5,Q96FS4,P47736
sset:CalDAG-GEFs,Q7LDG7,O95267
"sset:PKA catalytic subunits, PKG type I",P17612,Q13976-1,P22612,P22694
sset:cytosolic MAPK DUSPs,Q9BY84,Q99956,Q9Y6W6,Q16828,Q13202,Q16829
sset:nuclear MAPK DUSPs,Q9BY84,Q13115,Q9Y6W6,Q16690,Q05923,P28562,Q13202
"sset:PCAF,(p300)",Q09472,Q92831
"sset:SIRT1,SIRT3",Q96EB6,Q9NTG7
sset:p-ERK dimer,P28482,P27361
"sset:GRK2, GRK3, GRK5, GRK6",P25098,P43250,P34947,P35626
sset:cAMP PDEs,Q13946,Q9NP56,Q08499,O95263,O60658,Q9Y233,P27815,O00408,P54750,Q9HCR9,Q01064,Q08493
sset:Ligand:GPCR complexes that activate Gs,P49190,Q9NS75,O60895,P01189,Q8TDU6,P01229,Q13258,P41586,P51460,O43194,P30518,Q9NYM4,P09681,P04090,Q01726,P16473,P30988,P06881,Q8WXD0,Q9P1P4,P06850,P50406,P07550,P32241,Q01718,P21728,P43116,Q96RI8,P12272,P48546,P41968,Q14439,P21918,P47872,Q9HBX9,P23945,P01282,O60894,P29275,Q13639,P10997,P22888,P41587,Q13324,Q6W5P4,O95838,P34969,Q16602,Q96T91,P01215,P13945,P10092,O14804,P09683,Q02643,P08588,P01275,P01225,O60896,P01185,Q96RI9,Q9Y5Y3,Q9NQS5,Q7Z4H4,P32245,Q9NS67,P29274,P49685,Q969N4,P01258,P01222,P43119,Q8WXF3,P35318,Q8NGU9,O00155,P35408,Q96A98,Q9P1P5,O75388,P01270,P33032,P25021,P01286,P0C0P6,P34998,Q99678,P43220,P18509,Q96RJ0,Q86YW7,Q96G91,Q03431
"sset:PIAS1,3",Q9Y6X2,O75925
"sset:PIAS1,2-2",O75928-2,O75925
"sset:PIAS2-2,PIAS3,PIAS4",Q8N2W9,Q9Y6X2,O75928-2
"sset:PIAS1,2-1",O75928-1,O75925
"sset:CBX4, UHRF2",O00257,Q96PU4
"sset:PIAS1,4",Q8N2W9,O75925
"sset:KDM4A,B",O94953,O75164
sset:Histone H2B,P57053,P06899,Q99877,Q16778,O60814,Q8N257,Q99880,P33778,P62807,P58876,Q99879,P23527,Q93079,Q96A08
sset:p-EYA1-4,O00167,Q99504,O95677,Q99502
"sset:p-ACVR1B,C",P36896,Q8NER5
sset:CDK8:CCNC/ CDK9:CCNT,O75909,P49336,P50750,O60583,P24863,O60563
sset:RNF111/SMURF2,Q6ZNA4,Q9HAU4
sset:Nuclear ubiquitin ligase,P51668,P61077
"sset:ACVR2A,B",Q13705,P27037
"sset:FURIN, PACE4",P09958,P29122
sset:RAF activating kinases,P15056,Q13554,Q13557,Q9UQM7,P12931,Q02750,Q13555,P04049,P36507,P0DP23,O60674,P10398
"sset:PPP1CB, PPP1CB",P36873,P62140
sset:RIP1 ubiqutin ligases,P0CG47,Q13404,Q13490,P51668,P61077,Q9Y4K3,P62979,P62987,Q13489,P62837,P0CG48,P61088
sset:PSEN,P49768,P49810
"sset:MAN1B1,EDEM2",Q9UKM7,Q9BV94
sset:ERAD E3 ligases,Q99942,Q8WU17,Q86TM6,Q96GF1,O60858,O00237,O60337,Q9UKV5
"sset:UGGT1,2",Q9NYU1,Q9NYU2
"sset:EDEM1,3",Q9BZQ6,Q92611
"sset:PML,TRIM27,PIAS1,2-1",P14373,P29590,O75928-1,O75925
"sset:PIAS1,3,4",Q8N2W9,Q9Y6X2,O75925
"sset:UBE2I,PIAS1",P63279,P63165,O75925
"sset:activated TBK1, IKBKE homodimers",Q9UHD2,Q14164
"sset:IRF3,IRF7",Q14653,Q92985
sset:activated TBK1/IKK epsilon,Q9UHD2,Q14164
"sset:UBE2I,HDAC7",P63279,Q8WUI4
sset:TLR3 ligand
sset:MagT1/2,Q8IVJ1,Q96JW4
sset:SLC6A GABA transporters,Q9NSD5,P48066,P30531
"sset:(PTPRO,PTPRS)",Q13332,Q16827
sset:IFNA/B,P01568,P01567,P01562,P01569,P05015,P32881,P05013,P01566,P01570,P01571,P01563,P05014,P01574
sset:procaspase-8/10 dimer,Q14790,Q92851
sset:STEAP3-like proteins,Q8NFT2,Q658P3
sset:ATP6V0A,Q9HBG4,Q93050,Q9Y487,Q13488
sset:ATP6V1C,P21283,Q8NEY4
sset:ATP6V0E,Q8NHE4,O15342
sset:ATP6V1E,P36543,Q96A05
sset:ATP6V1G,O75348,Q96LB4,O95670
sset:ATP6V0D,P61421,Q8N8Y2
sset:ATP6V1B,P15313,P21281
sset:RHOF GAPs,O00459,Q13017,P27986,Q6ZW31,A7KAX9,Q07960,Q5T5U3,Q13459,Q8WUY9,Q9C0H5,Q8IWW6,O75044
sset:ISG15 E3 ligases,Q9UII4,Q14258,Q9Y4X5
sset:NUP58,Q9BVL2-2,Q9BVL2-1
sset:POM121,Q96HA1,A8CG34
sset:NUP98,P52948-3,P52948-4
sset:USP18-like proteins,Q3LFD5,Q9UMW8
sset:PMCAs,Q16720,P20020,Q01814,P23634
sset:ATP2A1-3,Q93084,P16615,O14983
sset:ATP1B,P05026,P54709,P14415
sset:ATP1A,P50993,Q13733,P05023,P13637
sset:FXYDs,O00168,Q14802,Q9H0Q3,P54710,P59646,P58549
sset:RYR tetramers,Q92736,P21817,Q15413
"sset:SLC8A1,2,3",P32418,Q9UPR5,P57103
"sset:Ub-C85-UBE2D1,2,3",P51668,P61077,P62837
"sset:PEX5S,L",P50542-1,P50542-2
sset:Ub,P0CG48,P62987,P0CG47,P62979
"sset:Ub:PEX5S,L",P50542-1,P50542-2
"sset:PDHA1,2",P29803,P08559
sset:B4GALT5,Q9UBX8,O43286
sset:GALNTs,Q6IS24,Q8N4A0,Q10472,Q8N3T1,Q6P9A2,Q8IUC8,Q10471,Q8NCW6,Q8N428,Q8NCL4,Q96FL9,Q49A17,Q9NY28,Q86SF2,Q8IXK2,Q14435,Q7Z7M9,Q7Z4T8,Q9HCQ5,Q86SR1
sset:GCNTs,Q9P109,Q02742,Q6ZNI0,O95395
sset:B3GNTs,Q7Z7M8,Q9BYG0,Q67FW5,Q9Y2A9,Q9NY97,Q6UX72,Q6ZMB0,Q8NFL0,Q9C0J1
sset:RIP2 ubiquitin ligases,Q13404,Q13490,Q9Y4K3,Q96J02,Q13489,P61088
sset:B3GALTs,Q9Y2C3,O43825,O96024,Q9Y5Z6
"sset:FUT4,5,9(10,11)",Q9Y231,Q11128,P22083,Q495W5,Q6P4F1
"sset:ST3GAL3,4,6",Q9Y274,Q11203,Q11206
"sset:FUT3,5,6,7",P21217,P51993,Q11130,Q11128
sset:EGF-like ligands,P35070,O14944,Q99075
sset:Phospho-Sprouty,O43597,O43609
"sset:BDNF,NTF4:p-5Y-NTRK2",P34130,P23560
"sset:p-Y-IRS1,p-Y-IRS2",P35568,Q9Y4H2
"sset:SOS1,p-Y-VAV1",P15498,Q07889
"sset:MyrG-p-Y419-SRC,(MyrG-p-Y420-FYN-1)",P12931,P06241-1
"sset:p-Y-PLCG1,2",P16885,P19174
"sset:PI3K alpha, gamma",O00329,P27986,Q8WYR1,P42338,P42336,P48736
"sset:CYP1A1, CYP1A2",P05177,P04798
"sset:CYP1A2,2C8,2C9,2D6,2E1,3A4",P08684,P05181,P10632,P11712,P05177,P10635
"sset:JAK1, JAK2, (TYK2)",O60674,P23458,P29597
sset:HSP90:HSP90,P08238,P07900
sset:Interleukin-1,P01584,P01583
"sset:hp-IRAK1:Pellino, IRAK4:Pellino",Q9NWZ3,P51617
"sset:Pellino 1,2,3",Q9HAT8,Q96FA3,Q8N2H9
"sset:Activated JAK1, JAK2, TYK2",P23458,O60674,P29597
sset:beta-TrCP,Q9UKB1,Q9Y297
sset:PIK3C(1),O00329,O00459,P27986,Q8WYR1,P42338,Q92569,Q5UE93,P42336,P48736
sset:HLA II beta chain,P04229,Q30154,P01911,P13760,Q29974,P79483,Q5Y7A7,Q30167,P01912,P04440,Q95IE3,Q30134,P13762,P20039,P13761,Q9TQE0,P01920,P05538,Q9GIY3
sset:TCR chain beta,P04435,P01733,P01850
sset:HLA II alpha chain,P01906,P20036,P01903,P01909
sset:TCR chain alpha,P01737,P01848,A0A0A6YYK7,P04437
"sset:STAT3,STAT5,(STAT3:STAT5)",P40763,P42229,P51692
"sset:p-Y1007-JAK2,p-Y-TYK2",O60674,P29597
"sset:HSP90AA1,HSP90AB1",P08238,P07900
sset:MIB/NEURL,Q86YT6,Q96AX9,O76050,A8MQ27
sset:RHOJ GEFs,Q8NF50,O75962,Q8TCU6
sset:RHOJ GAPs,Q9NRY4,O00459,Q01968,Q13017,P27986,Q6ZW31,Q9UNA1,A7KAX9,Q07960,Q5T5U3,Q8WUY9,O60890
sset:RHOC GEFs,Q8N1W1,Q96PE2,Q12802,Q8TCU6,Q9HCE6,O15068,Q86VW2,P10911,O15085,Q9NZN5,Q12774,O15013,Q92888,P52735,Q8TER5
sset:RHOC GAPs,Q9NRY4,Q9H0H5,Q13017,P27986,P11274,Q9UNA1,Q96QB1,Q07960,A7KAX9,Q5T5U3,Q13459,Q8WUY9,Q12979,Q9C0H5,Q8N392,Q9Y3M8,O60890
sset:RAC1 GEFs,P15498,Q9H8V3,Q92608,Q9ULL1,Q6ZSZ5,Q96BY6,O94887,Q9H7D0,P10911,Q15052,P52735,Q5JSL3,Q8TCU6,Q8IZD9,Q14185,P11274,Q86VW2,Q8IW93,Q8N5V2,Q96HP0,O94989,Q12979,Q14344,Q14155,O15013,Q6ZNL6,Q07889,Q8N1I0,Q58EX7,Q8IVF5,Q3KR16,Q07890,Q13009,O15068,Q9UH65,Q9Y4F1,Q96Q42,A1L390,Q96N96,O14827,Q9NR80,Q9H4E7,Q8NF50,O75962,Q8N4T4,Q9BZ29,Q70Z35,O15085,Q12774,Q9UKW4,O60229,Q9H7P9
sset:RAC1 GAPs,A1A4S6,Q17R89,O43295,Q9P2F6,Q13017,Q7Z5H3,Q7Z6I6,Q07960,P15882,O60890,Q9H0H5,Q53QZ3,Q8WWN8,P11274,P52757,Q92619,Q9P227,Q5T5U3,Q2M1Z3,Q13459,Q12979,A6NI28,Q9BRR9,Q15311,Q8IWW6,O75044,Q9P107,P27986,Q68EM7,Q9UNA1,A7KAX9,Q7Z6B7,Q5VT97,Q9NYF5,Q8N103,Q9C0H5,Q8N264,Q96P48,Q6ZUM4,Q9NRY4,O00459,P98171,P42331,Q96QB1,Q52LW3,O94988,Q8WUY9,Q8WZ64,Q9Y3L3,O14559
sset:CDC42 GEFs,Q9H8V3,Q9ULL1,Q96BY6,Q5VV41,P10911,Q15052,P52735,Q7Z6J4,Q5JSL3,Q5JSP0,Q8TCU6,P11274,Q86VW2,Q8IW93,Q15811,Q96HP0,Q8N5V2,O94989,Q12979,Q14344,O15013,Q9NZN5,Q58EX7,Q13009,O15068,Q96PX9,Q9Y4F1,P98174,A1L390,Q96N96,O14827,Q9NR80,Q96M96,Q9H4E7,O43307,Q6XZF7,Q8NF50,O75962,Q9BZ29,Q70Z35,O15085,Q12774,Q96DR7,Q9UKW4,Q9H7P9
sset:CDC42 GAPs,A1A4S6,Q17R89,O43295,Q9P2F6,Q13017,Q7Z5H3,Q7Z6I6,Q07960,Q9Y3M8,P15882,O60890,Q9H0H5,Q8WWN8,P11274,Q6ZW31,Q92619,Q92502,Q5T5U3,Q2M1Z3,Q13459,Q12979,A6NI28,Q9BRR9,Q15311,O75044,Q3KRB8,Q9P107,P27986,Q68EM7,Q9UNA1,A7KAX9,Q7Z6B7,Q9NYF5,Q8N103,Q5TG30,Q9C0H5,Q8N264,Q96P48,Q6ZUM4,Q9NRY4,O00459,P98171,Q96QB1,Q52LW3,Q8WUY9,Q8WZ64,O14559
sset:RHOB GEFs,Q92974,Q96PE2,Q8N1W1,Q12802,Q9H8V3,Q7Z628,Q8TCU6,Q9HCE6,O15068,Q86VW2,P10911,O15085,Q9NR81,Q12774,O15013,Q92888,P52735,Q9NZN5
sset:RHOB GAPs,Q13017,Q07960,Q9Y3M8,O60890,Q9H0H5,P11274,Q92502,Q5T5U3,Q13459,Q12979,P27986,Q9UNA1,A7KAX9,Q9C0H5,Q9NRY4,O00459,Q96QB1,Q8WUY9,B2RTY4
sset:RAC3 GEFs,Q8TCU6,O75962,Q96BY6,Q13009,P10911,P52735
sset:RAC3 GAPs,Q13017,Q07960,O60890,Q9H0H5,Q53QZ3,Q8WWN8,P11274,Q6ZW31,Q5T5U3,Q12979,A6NI28,O75044,P27986,Q68EM7,Q9UNA1,A7KAX9,Q9C0H5,Q9NRY4,O43182,O00459,Q01968,Q8WUY9,Q8WZ64
"sset:ZDHHC7, ZDHHC21",Q8IVQ6,Q9NXF8
"sset:MMP2,3,7,9",P14780,P08254,P09237,P08253
sset:RHOD GAPs,Q9NRY4,O00459,Q9H0H5,Q13017,P27986,Q68EM7,Q9UNA1,A7KAX9,Q07960,Q5T5U3,Q8WUY9,Q9C0H5,Q8IWW6
"sset:KMT2A-E, SETD1A,(SETD1B)",Q03164,Q9UMN6,Q8IZD2,O15047,Q8NEZ4,O14686,Q9UPS6
"sset:RUNX1,MeR206,MeR210-RUNX1:CBFB:PRMT1",Q99873
sset:alpha-amylase,P0DUB6,P0DTE7,P19961,P0DTE8,Q5T084,P04746
sset:ERBB4 homodimers,Q15303-3,Q15303-1,Q15303-2
sset:APH-1,Q96BI3,Q8WW43
sset:Phosphorylated EGFR dimer
"sset:CYSLTR1,CYSLTR2",Q9NS75,Q9Y271
sset:RHOA GEFs,Q92974,P15498,Q9H8V3,Q92608,Q7Z628,Q6ZSZ5,P10911,Q8TER5,Q9NR81,P52735,O94827,Q8N1W1,Q12802,Q8TCU6,Q9HCE6,P11274,Q86VW2,Q8IW93,Q8N5V2,O94989,Q12979,Q14155,O15013,Q9NZN5,Q92888,Q96PE2,Q58EX7,Q3KR16,Q13009,O15068,Q5VST9,Q9Y4F1,A1L390,Q9H4E7,Q9NR80,O14827,O75962,Q70Z35,O15085,Q12774,Q9UKW4,O60229
sset:RHOA GAPs,A1A4S6,Q17R89,Q9P2F6,Q13017,Q7Z5H3,Q7Z6I6,Q07960,Q9P2N2,P85298,Q9Y3M8,O60890,Q9H0H5,Q8WWN8,P11274,Q92619,Q9P227,Q92502,Q5T5U3,Q2M1Z3,Q13459,Q12979,A6NI28,Q9BRR9,Q3KRB8,Q9P107,P27986,Q9UNA1,A7KAX9,Q7Z6B7,Q8N103,Q5TG30,Q9C0H5,Q8N264,Q96P48,Q9NRY4,Q6P4F7,O43182,O00459,P98171,Q96QB1,Q52LW3,Q14CB8,O94988,Q8WUY9,Q8WZ64,Q8N392,B2RTY4
sset:RAC2 GEFs,Q8N1I0,P15498,Q8TCU6,Q92608,Q8IZD9,O75962,Q13009,Q96BY6,P11274,Q14185,Q9UH65,P10911,Q12979,P52735,Q9UKW4,Q9H4E7
sset:RAC2 GAPs,Q9NRY4,O00459,Q9H0H5,P27986,P11274,Q6ZW31,Q9UNA1,Q68EM7,A7KAX9,Q07960,Q5T5U3,Q8WUY9,Q12979,A6NI28,Q9C0H5,O60890
sset:RHOQ GEFs,Q15811,Q5VST9,O43307,Q8TCU6
sset:RHOQ GAPs,Q9NRY4,Q13017,Q68EM7,Q6ZW31,Q9UNA1,A7KAX9,Q07960,Q96QB1,Q5T5U3,Q8WUY9,O60890,O75044
sset:RHOG GEFs,P15498,Q8TCU6,O75962,Q5VV41,O15068,P10911,Q15811,Q12774,Q96DR7,P52735,Q9UKW4,O60229
sset:RHOG GAPs,Q9NRY4,Q13017,P27986,A7KAX9,Q07960,Q5T5U3,Q8WUY9,Q9C0H5,O60890
sset:OAS1 ligand
sset:OAS3 ligand
sset:ABL,P42684,P00519
sset:SOS,Q07890,Q07889
sset:SRGAP,Q7Z6B7,O43295,O75044
sset:Astrocytic EAATs,P43003,P43004
sset:Mitochondrial ornithine transporters,Q9BXI2,Q9Y619
sset:P5CS dimers,P54886-2,P54886-1
sset:GLUD,P49448,P00367
"sset:RIMKLA, RIMKLB",Q9ULI2,Q8IXN7
"sset:SLC25A12,13",Q9UJS0,O75746
sset:NAALADases,Q9HBA9,Q04609,Q9Y3Q0
sset:Alpha-liprins,O75334,Q13136,O75335,O75145
sset:Voltage Gated Ca2+ Channel,Q00975,Q02641,Q15878,Q9Y698,O00555,Q9UBN1,Q08289,P54284,O00305
sset:Alpha 2 delta subunits of VGCC,Q9NY47,Q9UIU0,Q8IZS8
sset:EAATs,P48664,P43005,P43003,O00341,P43004
"sset:SOAT1,2",P35610,O75908
"sset:SLC37A1,2",Q8TED4-2,P57057
"sset:ARHGEF11,ARHGEF12",Q9NZN5,O15085
sset:GEFs,Q92974,P15498,Q9H8V3,Q7Z628,Q6ZSZ5,Q5VV41,P10911,Q9NR81,Q9NXL2,Q15052,P52735,Q7Z6J4,O94827,Q5JSP0,Q12802,Q8TCU6,Q9HCE6,Q8IW93,Q15811,Q8N5V2,O94989,Q12979,Q14344,Q14155,O15013,Q9NZN5,Q92888,Q07889,Q96PE2,Q8IVF5,Q13009,Q07890,O15068,Q5VST9,P98174,A8MVX0,O14827,Q9NR80,Q96M96,O43307,A5YM69,O75962,Q8N4T4,A1IGU5,O15085,Q12774,Q9UKW4,Q96DR7,Q8TER5,O60229,Q9H7P9
sset:G-protein alpha (12/13):GTP,Q03113,Q14344
sset:Ligand:GPCR complexes that activate G12/13,P25100,P21731,P35348,P35368
sset:G-protein G12/G13 (inactive),Q03113,Q14344
"sset:RGS1,3,4,5,6,7,8,9,10,11,12,13,14,16,17,18,19,20,21",Q2M5E4,O76081,P49795,P49802,Q9NS28,P57771,O14921,P49758,O75916,O14924,O15539,O43665,O43566,P49796,O15492,O94810,P49798,Q9UGC6,Q08116
sset:Light-sensing opsins,Q6U736,P47804,P04000,P04001,P08100,O14718,P03999,Q9H1Y3
sset:TNKS1/2,Q9H2K2,O95271
"sset:NEDD4,STUB1,WWP2 and XIAP",P98170,O00308,Q9UNE7,P46934
"sset:USP13,OTUD3",Q5T2D3,Q92995
"sset:FURIN,PCSK6",P09958,P29122
"sset:S1P,S2P",Q14703,O43462
sset:NUDT1,P36639-2,P36639-4,P36639-1,P36639-3
"sset:PAPSS1,2",O43252,O95340
sset:SMURF,Q9HCE7,Q9HAU4
"sset:DUOX1,2",Q9NRD8,Q9NRD9
"sset:Activated MAPK kinases ERK1/2, JNK, p38",Q16539,P28482,Q15759,P45984,P45983,P27361,P53779
"sset:RRAGC,RRAGD:GDP",Q9NQL2,Q9HB90
"sset:p-S166,S188-MDM2 dimer, p-S166,S188-MDM2:MDM4",O15151
sset:CCNA:p-CDK1/2,P24941,P06493
sset:CCNA,P78396,P20248
"sset:RNF34,RFFL",Q969K3,Q8WZ73
sset:CDC25,P30304,P30305,P30307
"sset:MICU2,3",Q8IYU8,Q86XE3
"sset:VDAC1,2,3",P45880,P21796,Q9Y277
sset:Procollagen C-proteinases,P13497,Q9Y6L7,O43897,Q15113
"sset:COLGALT1,COLGALT2",Q8IYK4,Q8NBJ5
sset:Prolyl 4-hydroxylase alpha subunits,O15460,P13674,Q7Z4N8
sset:Lysyl hydroxylases,Q02809,O00469,O60568
sset:Procollagen N-proteinases,P13497,O15072,O95450,Q8WXS8
sset:Prolyl 3-hydroxylases,Q8IVL5,Q32P28,Q8IVL6,O75718,P23284
sset:4-Hyp collagen propeptides,P02458,Q9BXS0,Q8IZC6,P12111,P08123,Q02388,P12110,Q9UMD9,P39060,Q07092,P02452,Q96A83,Q14993,P39059,Q01955,Q8NFW1,Q86Y22,Q17RW2,P53420,P12107,Q03692,P05997,P25940,A8TX70,P20908,P13942,P12109,Q14031,P20849,Q05707,P02462,Q96P44,Q2UY09,P02461,Q9P218,P08572,P29400,P27658,Q14055,Q5TAT6,A6NMZ7,Q99715,P25067,Q14050
"sset:XIAP,NEDD4",P98170,P46934
"sset:p-MAPK8,9,10",P45984,P45983,P53779
"sset:p-MKK3,p-MKK6",P52564,P46734
sset:p-MAPK11/p-MAPK14,Q16539,Q15759
sset:p-MAP2K4/p-MAP2K7,P45985,O14733
"sset:RBBP4,7",Q16576,Q09028
sset:HSP-90,P08238,P07900
"sset:MyrG-p-Y419-SRC,MyrG-p-Y426-YES1",P12931,P07947
sset:CSN2KA dimer,P19784,P68400
sset:adenylate cyclases,Q08828,O60503,P51828,P40145,Q96PN6,O60266,Q08462,O95622,Q8NFM4,O43306
"sset:HGF:p-4Y-MET dimer,(HGF:p-Y1003,4Y-METdimer)"
"sset:PTPN1,PTPN2",P17706,P18031
"sset:PPP2R3B,PPP2R2A",Q9Y5P8,P63151
"sset:p-T172-CDK4,p-T177-CDK6:CCND:CDKN1A,CDKN1B,(CDKN1C); p-T172-CDK4,p-T177-CDK6:CCND; (p-T172-CDK4,p-T177-CDK6:CCND:p-Y88-CDKN1B)",P11802,P49918,Q00534,P38936,P30281,P46527,P30279,P24385
"sset:(p-Y342-PTK6,p-Y397-LYN,p-Y226,Y393-ABL1,p-Y419-SRC,p-5Y-JAK2)",Q13882,P07948,P12931-1,O60674,P00519
sset:RAB5 GEFs,Q13671,Q6ZS11,Q60I27,Q8TB24,Q96Q42,Q14C86,Q9UJ41,Q8WYP3
sset:DENND4s,Q5VZ89,Q7Z401,O75064
sset:RAB9 GEFs,Q68D51,P78524,Q9H6A0,Q9ULE3
sset:RAB8 GEFs,Q8TBN0,Q8IV53,Q96QF0
sset:DENND3
sset:RAB13 GEFs,P78524,Q8IV53
"sset:DENND6A,B",Q8NEG7,Q8IWF6
sset:RAB31 GEFs,Q8TB24,Q14C86
sset:RAB3 GEFs,Q8TBN0,Q8WXG6-3
sset:CCZ1,P86790,P86791
sset:MON1,Q7L1V2,Q86VX9
sset:RAB35 GEFs,P62258,Q6P3S1,Q8IV53,Q8TEH3
"sset:DENND5A,B",Q6IQ26,Q6ZUT9
sset:TRAPPCs,Q7Z392,A5PLN9,Q8WVT3,Q9Y2L5
sset:RAB21 GEFs,O95248,Q86WG5,Q96NW4
"sset:UCHL3,USP7,USP9X",Q93008,P15374,Q93009
"sset:OTULIN,USP5",Q96BN8,P45974
"sset:SYNJs,OCRL",O15056,O43426,Q01968
sset:Dynamin,P50570,Q9UQ16,Q05193
"sset:STAT1, STAT3",P40763,P42224
"sset:p-Y1007,Y1008-JAK2,p-JAK3",P52333,O60674
"sset:STAT1, STAT2, STAT3, STAT4, STAT5",P52630,P51692,P40763,Q14765,P42229,P42224
"sset:JAK2, JAK3",P52333,O60674
"sset:MTMR3,MTMR14",Q8NCE2,Q13615
sset:ATG4,Q86TL0,Q96DT6,Q8WYN0,Q9Y4P1
sset:LC3 family,P60520,Q9H0R8,Q9GZQ8,O95166,Q9BY60,Q9H492,Q9BXW4
sset:p-Y-IL10RA
"sset:ADBRK1,2",P35626,P25098
sset:ERBB2 heterodimers,O14944,P21860-1,Q15303-3,Q99075,Q8WWG1,Q15303-2,P35070,P00533,Q02297,O14511,P01133,Q15303-1,Q02297-10,P56975
sset:p-Y877-ERBB2 heterodimers,O14944,P21860-1,Q15303-3,Q99075,Q8WWG1,Q15303-2,P35070,P00533,Q02297,O14511,P01133,Q15303-1,Q02297-10,P56975
sset:p-ERK1/2/5 dimers,P28482,Q13164,P27361
sset:Protein kinase A catalytic subunit,P17612,P22694,P22612
"sset:SLCOs, SLC16A2 dimer",Q9Y6L6,Q9NYB5,Q96BD0,P36021
sset:PXLP-SDS dimers,P20132,Q96GA7
sset:Src-kinases,Q06187,Q05397
sset:Ig Antibody Light Chain,P01624,Q5NV87,P01619,P04432,Q5NV61,Q5NV82,P01599,P01611,A0A075B6S6,Q5NV81,A2NXD2,P06312,Q5NV62,P01709,P0DOY2,P04430,P0CF74,P06310,Q5NV64,P01706,P01701,P01699,P01717,P01602,Q5NV80,A0M8Q6,P23083,P01718,P01704,P0CG04,Q5NV89,P01593,P01705,Q5NV79,P04211,P01597,P0DOY3,A0A0C4DH73,A2NJV5,P01614,Q5NV84,Q5NV69,Q5NV66,P01714,Q5NV67,Q5NV83,P01703,P01700,P01715,P01834,A0A0C4DH25,Q5NV86,P01601,Q5NV68,Q5NV92,Q5NV75,P01721,P04433,P06315,A0A075B6P5,P01594,Q5NV90,P01615,Q5NV65,Q5NV91,P80748,Q5NV85
sset:p-FCGRs,P20963-1,P08637,P09693,P12318,P12314
sset:IgG C region,P01857,P01861,P01859,P01860
sset:Ig Heavy Chain V Region,P01766,P01772,A2KUC3,P01742,P01763,P01743,P01767,Q6PIL0,P23083,P01782,P06331,P01814,P01825,P01764,P01817,P01780,P01824,P01762,P01768
sset:CaMKII and PKC-delta,Q13557,Q13554,Q9UQM7,Q13555,Q05655
sset:p-p38 MAPK alpha/beta,Q16539,Q15759
sset:Active MAPKAP kinase,P49137,Q16644
"sset:NCK1,NCK2",O43639,P16333
"sset:Activated ROCK1,ROCK2",O75116,Q13464
sset:Plexin-A1-4,Q9UIW2,O75051,Q9HCM2,P51805
sset:PTPs-SHP1/2/PTP1B,Q06124,P29350,P18031
sset:SLC29A2-like proteins,Q14542,Q99808
sset:SLC29A1-like proteins,Q14542,Q99808
"sset:ACSM3,ACSM6",Q53FZ2,Q6P461
sset:ABCD1-3 dimers,P28288,Q9UBJ2,P33897
"sset:SERPINB2,6,8",P50452,P05120,P35237
sset:SERPINE1-like proteins,P05121,P07093
sset:OXCT dimers,Q9BYC2,P55809
"sset:ACSL3,4",O95573,O60488
"sset:ACSL1,3,5,6",Q9ULC5,P33121,O95573,Q9UKU0
"sset:HSD17B3,12",P37058,Q53GQ0
"sset:TECR,TECRL",Q9NZ01,Q5HYJ1
"sset:ELOVL1,4",Q9BW60,Q9GZR5
"sset:ELOVL3,6,7",Q9HB03,Q9H5J4,A1L3X0
"sset:ELOVL1,2,3,5",Q9BW60,Q9HB03,Q9NXB9,Q9NYP7
sset:PTPLs,Q9P035,Q5VWC8,B0YJ81,Q6Y1H2
"sset:ACSBG1,2",Q96GR2,Q5FVE4
sset:AGPAT,Q9NRZ7,Q643R3,Q8NF37,Q9NRZ5,Q9NUQ2,Q86UL3,Q99943,O15120,Q6UWP7,Q53EU6
sset:GPD1/GPD1L homodimer,Q8N335,P21695
"sset:GK,GK2,GK3P",Q14410,P32189,Q14409
sset:GPAM or GPAT2,Q6NUI2,Q9HCL2
sset:lipins,Q14693,Q92539,Q9BQK8
"sset:MOGAT1,2,3",Q96PD6,Q3SYC2,Q86VF5
sset:PLD1/2,O14939,Q13393
sset:GPAM/GPAT2,Q6NUI2,Q9HCL2
sset:PLA2(1),P47712,P0C869,Q86XP0,Q9BZM2
sset:LPCAT,Q643R3,Q8NF37,Q6P1A2,Q7L5N7,Q6ZWT7
sset:PLA2(15),P04054,Q9BZM1,Q9UNK4,Q9NZK7,P39877,O15496,Q9BZM2,P14555
"sset:LIPH, I",Q8WWY8,Q6XZB0
"sset:MAPK3,(MAPK1)",P28482,P27361
"sset:IRS1,2",P35568,Q9Y4H2
"sset:CPT1A,B",Q92523,P50416
sset:Hydroxymethyl glutaryl CoA reductase,P04035-1,P04035-2
sset:Isopentenyl-diphosphate delta-isomerase,Q13907,Q9BXS1
"sset:PITPNM1,2,3",Q9BZ72,O00562,Q9BZ71
sset:PNPLA2/3,Q96AD5,Q9NST1
sset:CEPT1/EPT1,Q9Y6K0,Q9C0D9
sset:CHK/ETNK,Q9NVF9,Q9HBU6,Q9Y259,P35790
sset:LPIN,Q92539,Q14693,Q9BQK8
sset:LPSAT,Q6ZNC8,Q6P1A2,Q643R3
"sset:PRPS2 dimer, PRPS1L dimer",P60891,P11908,P21108
"sset:ADSS, ADSSL1 dimers",P30520,Q8N142
sset:Cholinesterase,P06276,P22303
sset:LPEAT,Q6ZNC8,Q6ZWT7,Q6P1A2,Q643R3
sset:CHK dimer,Q9Y259,P35790
sset:PCYT1 dimer,P49585,Q9Y5K3
sset:CRS kinase,P14635,P06493,P53350
sset:AMPD tetramers,Q01432,P23109,Q01433
sset:GMPR tetramers,P36959,Q9P2T1
sset:ST6GALNAC1-6,Q969X2,Q9BVH7,Q9NSC7,Q9H4F1,Q8NDV1,Q9UJ37
sset:ST3GAL1-6,Q11203,Q16842,Q11201,Q9UNP4,Q9Y274,Q11206
sset:ST8SIA1-6,Q92187,Q92186,O43173,O15466,Q92185,P61647
"sset:ST6GAL1,2",P15907,Q96JF0
sset:PCAF,Q92830,Q92831
sset:SIN3,Q96ST3,O75182
"sset:UPP1, UPP2",Q16831,O95045
"sset:PAPST1,2",Q9H1N7,Q8TB61
"sset:CHST9,11,12,13",Q7L1S5-2,Q9NRB3,Q9NPF2,Q8NET6
"sset:DSE,DSEL",Q9UL01,Q8IZU8
sset:B3GAT dimers,O94766,Q9NPZ5,Q9P2W7
"sset:CHPF,CHSY3",Q8IZ52,Q70JA7
"sset:CHPF,CHPF2,CHSY3",Q8IZ52,Q70JA7,Q9P2E5
sset:CSGALNACT,Q8TDX6,Q8N6G5
"sset:CHST3,7",Q9NS84,Q7LGC8
"sset:TPST1,2",O60507,O60704
"sset:CHST2,5,6",Q9Y4C5,Q9GZX3,Q9GZS9
"sset:ST3GAL1-4,6",Q11203,Q16842,Q11201,Q9Y274,Q11206
"sset:B3GNT1,2,3,4,7",Q9Y2A9,O43505,Q9NY97,Q8NFL0,Q9C0J1
sset:B4GALT1-6 homodimers,O43286,Q9UBX8,O60513,O60512,O60909,P15291
"sset:SULT1A1,A2,C2,4A1",Q9BR01,P50226,P50225,O75897
sset:SULTs active on pregnenolone,O00204-2,O00204-1,P49888
sset:SULTs active on 27HCHOL,O00204-2,O00204-1
sset:SULTs active on DHEA,O00204-2,P49888,O00204-1,Q06520
sset:SULT dimers (T3),Q06520,Q9BR01,P0DMM9,O43704,O00338,P50225,P49888,Q6IMI4
sset:SULT dimers (T2),Q06520,P0DMM9,O43704,O00338,P50225,P49888,Q6IMI4
"sset:SULT1A3,4 dimers",P0DMM9,P0DMN0
sset:SULTs active on NH2AAF,O00338,P50226,O75897
"sset:SULT1E1,2A1",P49888,Q06520
"sset:SLC26A1,2",P50443,Q9H2B4
sset:NDSTs,P52848,Q9H3R1,P52849,O95803
sset:HS3STs,Q96QI5,Q9Y663,Q9Y662,Q9Y278,Q9Y661,Q8IZT8
sset:HS6STs,O60243,Q8IZP7,Q96MM7
"sset:DDX39A,B",O00148,Q13838
"sset:XYLT1, XYLT2",Q9H1B5,Q86Y38
"sset:RPS27,RPS27L",P42677,Q71UM5
"sset:RPS4X,RPS4Y1,RPS4Y2",P22090,P62701,Q8TD47
"sset:RPL39,RPL39L",P62891,Q96EH5
"sset:RPL10,RPL10L",Q96L21,P27635
"sset:RPL22,RPL22L1",Q6P5R6,P35268
"sset:RPL36A,RPL36AL",P83881,Q969Q0
"sset:RPL26,RPL26L1",Q9UNX3,P61254
"sset:RPL3,RPL3L",Q92901,P39023
"sset:CA5A,B:Zinc",Q9Y2D0,P35218
"sset:CA4,9,14,12:Zn2+",P22748,Q9ULX7,Q16790,O43570
"sset:CA1,2,3,7,13:Zinc",Q8N1Q1,P07451,P00915,P43166,P00918
sset:alcohol dehydrogenase complex,P08319,P07327,P28332,P40394,P00326,P00325
sset:active PYGM and PYGB dimers,P11216,P11217
"sset:CKB, CKM",P06732,P12277
sset:CK octamers,P12532,P17540
sset:SLC6A8-like proteins,P48029,P48065,Q99884,P48066
sset:Monocarboxylate Transporter Homodimers,O15427,O95907,P53985
sset:LDH tetramer,P00338,P07195,P07864,Q6ZMR3
sset:PDP,Q9P0J1,Q9P2J9
sset:VGLUTs,Q8NDX2,Q9P2U8,Q9P2U7
"sset:SLC25A18,A22",Q9H936,Q9H1K4
"sset:ALDH1A1,2,3 tetramers",P47895,O94788,P00352
sset:PDK isoforms,Q15119,Q15120,Q15118,Q16654
"sset:GAA (70, 76 kDa)"
sset:Mi-2,Q12873,Q14839
"sset:(GATAD2A, GATAD2B)",Q86YP4,Q8WXI9
sset:Cdc25 A/B,P30304,P30305
"sset:PRELID1, PRELID3A",Q96N28,Q9Y255
"sset:EXO1,DNA2:BLM,WRN",Q9H9A7,Q13472,Q14191,P51530,Q96E14,P54132,Q9UQ84
sset:p-5S-BRCA1:p-2T-BARD1
"sset:SCF-beta-TrCp1,2",Q9UKB1,Q9Y297
sset:PHF8,Q9UPP1-3,Q9UPP1-2,Q9UPP1-1
sset:PI4K2A/2B,Q9BTU6,Q8TCG2
sset:SYNJ/INPP5(1),Q15735,Q9BT40,O43426,O15056
sset:SYNJ/MTM(1),Q8NCE2,Q9Y217,Q13613,Q13615,O43426,O15056,Q13496
sset:PIP5K1A/B,Q99755,O14986
"sset:PPP2R5B,PPP2R5C",Q13362,Q15173
"sset:Activated SRC,LCK,EGFR,INSR",P12931-1,P00533,P01308,P01133,P06213,P06239
sset:PIP4K2/5K1,P78356,Q99755,O60331,P48426,O14986
sset:INPP5(2),Q15735,Q9BT40,O15357,Q92835
sset:PIK3(2),O00329,O00459,P27986,O75747,Q8WYR1,P42338,Q92569,O00443,P42336,P48736,Q5UE93,O00750
"sset:MTMR6:MTMR9,MTMR8:MTMR9",Q9Y217,Q96EF0
sset:RAB6,P20340,Q9NRW1
sset:SNAPs,Q9H115,Q99747,P54920
sset:PHLPP,O60346,Q6ZVD8
sset:lipases,Q17RR3,P07098
"sset:TGM1:Ca2+, TGM5:Ca2+",O43548,P22735
sset:Membrane profilaggrin processing proteases,Q9Y5Y6,P09958,Q16651,P29122
sset:Cytoplasmic profilaggrin processing proteases,P31944,P08217,Q9Y337,P07384,P04632
"sset:CCNA:p-T160-CDK2,CCNE:p-T160-CDK2",P24864,P78396,P20248,O96020
sset:ARFs,P84077,P61204,P84085,P18085
sset:cPLA2s,P68402,O60733,Q15102,P47712,P43034
sset:cis-Golgi t-SNARES,O14653,Q9NYM9,O15155
"sset:NABP1,2",Q9BQ15,Q96AH0
"sset:Trypsin 2, 3",P35030,P07478
"sset:USP10,USP24,USP42",Q14694,Q9H9J4,Q9UPU5
"sset:USP16,USP21",Q9Y5T5,Q9UK80
"sset:USP3, SAGA complex",Q86TJ2,Q9Y4A5,Q9Y6I4,Q12962,O75528,Q92830,Q9UPT9,Q9HBM6,O15265
"sset:USP4,USP25",Q9UHP3,Q13107
sset:USP17,P0C7I0,D6RA61,C9JLJ4,Q7RTZ2,C9JPN9,C9JJH3,D6RJB6,Q0WX57,Q6R6M4,A8MUK1,A6NCW0,D6R9N7,D6R901,C9JVI0,C9J2P7,A6NCW7,D6RCP7,D6RBQ6
"sset:USP12:WDR48:WDR20,USP26",Q9BXU7,Q8TAF3,Q8TBZ3,O75317
"sset:USP20,USP33",Q9Y2K6,Q8TEY7
sset:PLD1-4/6,Q8N2A8,Q13393,Q8IV08,Q96BZ4,O14939
"sset:DCLRE1A,DCLRE1B",Q6PJP8,Q9H816
"sset:MUS81:EME1, (MUS81:EME2)",Q96AY2,A4GXA9
"sset:MTHFD2, D2L",P13995,Q9H903
"sset:LIG1,LIG3:XRCC1",P18887,P18858,P49916
sset:CUL4,Q13620,Q13619
"sset:POLL,POLM",Q9NP87,Q9UGP5
"sset:(TDP1,TDP2)",Q9NUW8,O95551
"sset:POLD,POLE",P56282,Q9NR33,P49005,Q9NRF9,Q15054,P28340,Q07864,Q9HCU8
"sset:PCNA:POLD,POLE,POLH,POLK:RPA:RFC",P56282,P0CG47,Q9NR33,P49005,Q9NRF9,P62979,Q9Y253,Q15054,P62987,P28340,P0CG48,Q07864,Q9HCU8,Q9UBT6
sset:RAD23,P54725,P54727
"sset:PAR-PARP1,PAR-PARP2",Q9UGN5,P09874
sset:ER-to-ERGIC v-SNARES,O15498,Q96IW7,Q9BRL7,O75396
sset:SEC24,P53992,O95487,O95486,O94855
sset:COPII cargo:receptors,P15514,Q8TBE1,P42261,O14653,P12259,P53634,Q9H0V9,Q02388,P49755,Q6PI25,P49257,Q15363,O95406,Q9UBR2,P01135,Q12907,P13987,O94855,P53992,P01009,Q9HAT1,Q15436,Q8NI22,P15328,Q13190,P00451
sset:RAB1,P62820,Q9H0U4
"sset:SLX1A:SLX4:MUS81:EME1,(MUS81:EME2),GEN1",Q17RS7,Q96NY9,Q96AY2,Q8IY92,A4GXA9,Q9BQ83
"sset:PARP1,PARP2",Q9UGN5,P09874
"sset:ATXN3,ATXN3L,JOSD1,JOSD2",Q9H3M9,Q15040,Q8TAC2,P54252
"sset:p-S MAPK6,4",P31152,Q16659
"sset:CDC14A, B",Q9UNH5,O60729
sset:PKA catalytic subunits,P17612,P22694,P22612
sset:p-S MAPKAPK5
"sset:UCHL1,UCHL3",P15374,P09936
"sset:SLC34A1,2",O95436,Q06495
"sset:SFTPB,C peptidases",P0DJD8,P09668,P0DJD9,P0DJD7,O96009
sset:DIPP,O95989,Q9NZJ9,Q8NFP7,Q96G61
sset:PPIP5K1/2,O43314,Q6PFW1
sset:p-2S MAP2K homo/heterodimers,P36507,Q02750
sset:MAPKs,P28482,P27361
sset:MAP2K homo/heterodimers,P36507,Q02750
sset:'activator' RAFs,P10398,P15056,Q8IVT5,P04049
sset:activated RAF/KSR1,P15056,P27448,P04049,Q8IVT5,P10398
sset:mature p21 RAS,P01111,P01112,P01116-2,P01116-1
sset:RAF/MAPK scaffolds,P46940,P12931,Q8WXI2,Q6VAB6,P04275,P41240,Q969H4,Q8IVT5,P18206,P05106,P27448,Q7Z5R6,P61224,P02679,P49407,P62834,P02671,Q9Y490,P08514,P32121,P02751,P02675
sset:IP6K1/3,Q92551,Q96PC2
sset:MSRBs,Q9Y3D2,Q8IXL7,Q9NZV6
sset:SYK/LCK/ZAP-70,P43405,P43403,P06239
sset:PAK dimer,Q13177,Q13153
"sset:p-SYK,p-BTK",Q06187,P43405
"sset:p-Y172-VAV2,p-Y173-VAV3",P52735,Q9UKW4
"sset:FYN,LCK",P06241,P06239
"sset:NCF2,NOXA1",P19878,Q86UR1
"sset:K63polyUb-cIAP1,2",Q13489,Q13490
"sset:cIAP1,2",Q13489,Q13490
"sset:(Tg:A)-DNA Template,(OGUA:A)-DNA Template,(BPDE-G:C)-DNA Template"
sset:RAS GAPs,O95294,Q9UJF2,Q2MJR0,Q96PV0,O43374,Q15283,Q7Z699,Q86YV0,Q5VWQ8,Q7Z698,Q14644,P21359,P20936
sset:Activated FGFR1,Q9NP95,P55075-1,P31371,O60258-1,P11487,Q9HCT0,P05230,Q9UEF7-2,P09038,P12034-1,P10767,P08620,P11362-19,Q9GZV9,P11362-1,Q9UEF7-1,O15520
sset:Activated FGFR1:p-FRS,O43559,Q8WU20
sset:Klotho,Q9UEF7-1,Q9UEF7-2
sset:FGFR1b-binding FGFs,P11487,Q9HCT0,P05230,P09038,O15520
sset:FGFR1c-binding FGFs,Q9NP95,P55075-1,P31371,O60258-1,P05230,P09038,P12034-1,P10767,P08620,Q9GZV9
sset:FGFR4-binding FGFs,Q9NP95,P55075-1,P31371,O60258-1,P05230,O76093,P09038,O43320,O95750,P10767,P08620,Q9GZV9
"sset:SHC1 p46,p52",P29353-3,P29353-2
sset:Activated FGFR4,Q9NP95,P55075-1,P31371,O60258-1,P05230,O76093,P09038,O43320,Q86Z14,O95750,P10767,P08620,Q9GZV9
sset:p-3Y-SHC1,P29353-3,P29353-2
sset:Activated FGFR4:p-FRS,O43559,Q8WU20
"sset:NEIL1,NEIL2",Q96FI4,Q969S2
sset:Activated FGFR3,P22607-1,Q9NP95,P55075-1,P31371,O60258-1,P05230,O76093,P09038,P12034-1,O43320,P22607-2,P08620,Q9GZV9
sset:Activated FGFR3:p-FRS,O43559,Q8WU20
sset:Activated FGFR2,P21802-18,P21781,P55075-1,P11487,P08620,P21802-3,O15520,P21802-5,P31371,O60258-1,Q9HCT0,O76093,P09038,O43320,Q9GZV9,Q9NP95,P05230,P12034-1,P10767,P21802-1
sset:Activated FGFR2:p-FRS,O43559,Q8WU20
sset:FGFR2c homodimer bound to FGF,P21802-1,P21802-5
sset:FGFR2c-binding FGFs,Q9NP95,P55075-1,P31371,O60258-1,P05230,O76093,P09038,P12034-1,O43320,P10767,P08620,Q9GZV9
sset:FGFR2b homodimer bound to FGF,P21802-3,P21802-18
sset:FGFR2b-binding FGFs,P11487,Q9HCT0,P05230,O15520,P21781
sset:FGFR3b-binding FGFs,Q9NP95,P55075-1,P31371,O60258-1,P05230,O76093
sset:FGFR3c-binding FGFs,Q9NP95,P55075-1,P31371,O60258-1,P05230,O76093,P09038,P12034-1,O43320,P08620,Q9GZV9
sset:PKA catalytic subunit,P17612,P22694,P22612
sset:p-LIMK,P53671,P53667
"sset:PAK1,2,3",O75914,Q13177,Q13153
"sset:FYN, LYN",P07948,P06241
sset:RPS6KA5(MSK1/SAPK1):PKA catalytic subunits,O75582,P22694,P22612,P17612
"sset:activated CASP4, CASP5",P49662,P51878
"sset:MRPS18A,B,C",Q9Y3D5,Q9Y676,Q9NVS2
"sset:DPEP1,2,3 dimers",P16444,Q9H4A9,Q9H4B8
"sset:CYP1A2,3A4",P08684,P05177
sset:AKR dimers,O95154,Q8NHP1,O43488
"sset:CYP3A4,5",P08684,P20815
"sset:CYP26A1,B1,C1",O43174,Q9NR63,Q6V0L0
"sset:ADH1A,1C,4 dimers",P08319,P07327,P00326
"sset:RDH11,14,DHRS3,DHRS4",O75911,Q8TC12,Q9BTZ2,Q9HBH5
"sset:RDH10,16,DHRS9,RDHE2",Q8IZV5,Q8N3Y7,Q9BPW9,O75452
"sset:RDH5(24-318), RDH11",Q8TC12,Q92781
"sset:TET1,2,3",Q6N021,O43151,Q8NFU7
sset:NglycoAsn-Hh precursors,Q15465,O43323,Q14623
sset:phospho-p38 alpha/beta/gamma MAPK,Q16539,Q15759,P53778
sset:MetTrans(1),Q14749,P40261,P50135
"sset:RDH10,11",Q8TC12,Q8IZV5
sset:RDH5(1-318)-like Proteins,Q92781,Q8NEX9,O14756,Q9BPW9,O75452
sset:RDH8-like proteins,Q9NYR8,P14061
"sset:Activated Protein kinase C (alpha, beta, gamma isoforms)",P05771,P05129,P17252
sset:LRP5/6,O75197,O75581
sset:FZD,Q13467,Q9H461,Q9ULV1,O60353
"sset:ZNRF3,RNF43",Q68DV7,Q9ULT6
sset:RSPO,Q2I0M5,Q2MKA7,Q6UXX9,Q9BXY4
sset:LGR,O75473,Q9HBX8,Q9BXB1
sset:Thrombin-activated PARs,O00254,Q96RI0
"sset:PHD2,3",Q9H6Z9,Q9GZT9
"sset:PHD1,3",Q9H6Z9,Q96KS0
sset:cGKs,Q13237,Q13976-1
sset:cGMP phosphodiesterases,O76083,Q9Y233,O00408,P54750,O76074,Q9HCR9,Q01064
"sset:GFPT1,2",O94808,Q06210
sset:CaMKII subunits alpha/beta,Q13554,Q9UQM7
sset:CaMKII subunits delta/gamma,Q13557,Q13555
sset:Ca impermeable AMPA receptors,P42261,P48058,P42263
sset:Ca permeable AMPA receptors,P48058,P42263
"sset:PMM1,2",O15305,Q92871
sset:GMPPA/B,Q9Y5P6,Q96IJ6
sset:ALG10 homologue,Q5BKT4,Q5I7T1
"sset:p-PKCA, p-PKCB",P05771,P17252
sset:VRK1/VRK2,Q99986,Q86Y07-2
"sset:SLC22A1,SLC22A2",O15245,O15244
"sset:SLC6A5,9",P48067,Q9Y345
sset:VMAT1/2,P54219,Q05940
"sset:PDPK1:PIP3,PDPK1:PIP2"
"sset:p-T359,S363,T573-RSK",Q9UK32,Q15349,Q15418,P51812
sset:Dynamin-1/2/3,P50570,Q9UQ16,Q05193
sset:p90rsk,O75582,Q15418,O75676,P51812,Q9UK32,Q15349
sset:KIF5B-like proteins,O60282,Q12840,P33176
sset:EROIL-like Proteins,Q86YB8,Q96HE7
sset:CNOT6 or CNOT6L,Q9ULM6,Q96LI5
"sset:ZCCHC6, ZCCHC11",Q5VYS8,Q5TAX3
sset:Butyrylcholinesterase,P06276,P22303
sset:ADAM metalloprotease,P78536,O43184,O14672
sset:Urea transporters,Q15849,Q13336
sset:MATE1/2,Q96FL8,Q86VL8
"sset:LPPR4(LPPR1-3,5)",Q32ZL2,Q96GM1,Q6T4P5,Q8TBJ4,Q7Z2D5
sset:alpha 2-8 polysialyltransferases,Q92187,Q92186
sset:Activated conventional protein kinase C,P05771,P05129,P17252
"sset:SRC,FYN,YES,LYN",P07948,P06241,P07947,P12931-1
sset:EPH-ephrin oligomers
"sset:PAK1/3, 2",O75914,Q13177,Q13153
"sset:SRC,FYN",P06241,P12931-1
"sset:p-PAK1/3, 2",O75914,Q13177,Q13153
"sset:MMP2, MMP9",P14780,P08253
sset:p-EPH:ephrin oligomers
sset:Myosin heavy chain,P13533,P11055,P13535
"sset:SRC-1, PTK2",Q05397,P12931-1
"sset:ACOX2:FAD, ACOXL:FAD",Q9NUZ1,Q99424
sset:AKT1/PDK1,O15530,P31749
"sset:ACOT4,6,8",O14734,Q3I5F7,Q8N9L9
"sset:LCK, CSK",P41240,P06239
sset:Synapsin,Q92777,P17600,O14994
"sset:RNF5,RNF185",Q99942,Q96GF1
sset:ABCCs,O60706,P33527,O15438,O95255,O15439,O15440,Q96J66,P13569,Q5T3U5,Q92887
sset:ABCA8/B1/B5,O94911,P08183,Q2M3G0
sset:Prostate Specific Antigen,Q9UKR3,P20151,P06870,P07288
sset:Cathepsin G,P08311,P20718
"sset:MMP1,2",P03956,P08253
"sset:PAPPA,PAPPA2",Q13219,Q9BXP8
sset:p-AKT1/2,P31751,P31749
sset:TCF/LEF,Q9HCS4,Q9UJU2,P36402
sset:Renin,P07339,P00797
sset:Carboxypeptidase,Q96IY4,P15086,P15088
sset:HSD17B3-like Proteins,P37058,Q53GQ0
sset:3-beta-HSD,P14060,P26439
sset:Cytochrome P450 (CYP7A1 based),P22680,O75881
sset:Cytochrome P450 (CYP7B1 based),P22680,O75881
sset:Cytochrome P450 (CYP11B1 based),P19099,P15538
sset:ATM/ATR kinase,Q13315,Q13535
"sset:DNAJB1,B6,C2,C7",P25685,Q99543,Q99615,O75190
sset:HSP70 NEFs,Q92598,O95817,Q99933,O95816,O95429,Q9UL15
sset:HSP70 proteins,P0DMV9,P11142,P0DMV8,P34931,P54652
sset:HSP90 complexes,P08235,P04150,P10275,P06401
"sset:p-CAMK2D, p-CAMK2G",Q13555,Q13557
"sset:p-CAMK2A, p-CAMK2B",Q13554,Q9UQM7
"sset:PRMT5:pT5-WDR77, PRMT7",O14744,Q9BQA1,Q9NVM4
"sset:PRMT1,PRMT6",Q96LA8,Q99873
"sset:CARM1, PRMT6",Q96LA8,Q86X55
sset:PADIs,Q9UM07,Q9Y2J8,Q9ULW8,Q9ULC6,Q6TGC4
"sset:PADI4,(PADI1,PADI2,PADI3, PADI6)",Q9UM07,Q9Y2J8,Q9ULW8,Q9ULC6,Q6TGC4
"sset:SENP1,2,5",Q9HC62,Q9P0U3,Q96HI0
sset:p-ERK1b/p-ERK2 homodimer,P28482,P27361-3
sset:SYK/p-LYN,P43405,P07948
sset:SYK/FYN,P01766,P01611,P01772,A2KUC3,P01742,P04430,P06310,A0M8Q6,P23083,P01704,P01782,P01814,P07948,A0A0C4DH73,P01703,P01764,Q5NV92,P01780,P01721,A0A075B6P5,P01768,P06312,Q5NV87,P01619,Q5NV82,P01599,A0A075B6S6,Q5NV81,P01763,P01743,P01767,P01706,P01602,Q5NV80,P01718,P0CG04,P06331,Q5NV67,P01854,P01834,P01817,Q5NV86,Q5NV68,P01824,Q5NV65,P0DOY2,P04432,A2NXD2,P01709,P01701,P01717,Q6PIL0,Q5NV89,P01597,P01614,Q5NV69,Q5NV66,P01714,P01825,P01601,Q5NV75,P04433,P06315,P01594,P01762,P01615,Q5NV90,Q5NV91,P80748,Q5NV85,A0A0C4DH25,P01624,Q5NV61,Q5NV62,P0CF74,P06241,Q5NV64,P01699,P01593,P01705,Q5NV79,P04211,P0DOY3,A2NJV5,Q5NV84,Q5NV83,P01700,P01715,P43405
sset:Src family kinases (SFKs),P08631,P07948,P06241,P12931-1,P09769,P07947
sset:ESCO,Q56NI9,Q5FWF5
sset:N-ACYL-GNAT1
sset:Lysyl oxidases,Q96JB6,P28300,P58215,Q08397,Q9Y4K0
sset:Collagen type VII NC2 proteinases,P13497,O43897,Q9Y6L7
"sset:Mitoferrin1,2",Q96A46,Q9NYZ2
"sset:PTGIS,CYP8B1",Q9UNU6,Q16647
"sset:PTGES2(88-377), PTGES3",Q15185,Q9H7Z7
sset:HYAL1-like proteins,O43820,Q12794
sset:CYP(2),P33261,Q02928,Q16678,Q7Z449,P10632,P11712,P05177,P04798
sset:CYP(3),P78329,Q02928,Q16678,Q7Z449,P05177,P04798
sset:CYP(1),P05177,Q16678,P04798
sset:Cytochrome P450 (CYP4F2/4F3 based),P78329,Q9HBI6,Q02928,Q6NT55,P98187,Q08477,P13584,Q5TCH4
sset:Cytochrome P450 (CYP4F8 based),P98187,P78329,Q9HCS2
sset:Cytochrome P450 (CYP4F3 based),P78329,Q9HBI6,Q02928,Q6NT55,Q08477,P13584,Q5TCH4
sset:PARPs,Q53GL7,Q8N3A8,Q9UKK3,Q460N5,Q8IXQ6,Q8N5Y8,Q2NL67
sset:GPX1/2/4,P07203,P18283,P36969
sset:ALOX12/15,P18054,P16050
"sset:PON1,2,3:2xCa2+ dimers",Q15166,Q15165,P27169
"sset:GGT1, 5 dimers",P36269,P19440
sset:CYP(4),P51589,P05177,Q16678,P04798
sset:CYP(5),P33261,Q16678,P10632,P51589,P11712,P05177,P04798
sset:ALOX15/15B,O15296,P16050
"sset:HAS1,2,3",Q92819,O00219,Q92839
sset:Cathepsin,P09668,P10619,P53634,P43235,P14091,Q9UBX1,P07339,P25774,P07711,O60911,P07858,P43234
sset:Histone H3,P84243,P68431,Q71DI3
"sset:DNMT1,3A,3B",Q9UBC3,Q9Y6K1,P26358
sset:Histone H2A,Q6FI13,P0C0S5,Q93077,P0C5Y9,P04908,Q9BTM1,P16104,Q99878,Q16777,P20671,Q71UI9
sset:DTX,Q9Y2E6,Q86Y01,Q86UW9
sset:ADAM10/17,P78536,O14672
sset:Cytochrome P450 (CYP8B1 based),Q9UNU6,Q16647
sset:Aldo-keto reductase family,Q04828,P17516,P42330,P52895
"sset:HSD11B2, HSD11B1 dimer",P80365,P28845
sset:TPH,P17752,Q8IWU9
sset:ELOVL5/ELOVL2,Q9NXB9,Q9NYP7
sset:BGAL,P16278,Q6UWU2
"sset:CD45,CD148",P08575,Q12913
sset:ZAP-70 and ITK tyrosine kinases,P20963-1,P01848,P04229,Q30154,A0A0A6YYK7,P07766,P04437,P01911,P13760,P43403,P06239,P04234,P01909,Q29974,P79483,P09693,Q5Y7A7,P04435,P20036,P01850,Q08881,Q30167,O75791,P01730,P01912,P04440,Q30134,Q95IE3,Q13094,P01903,P13762,P20039,P13761,P01737,P01733,Q9TQE0,O43561,P01920,P05538,P01906,Q9GIY3
sset:Opioid peptide,P01213,P01189
sset:PANK1/3/4,Q9H999,Q8TE04,Q9NVE7
sset:Endostatin releasing proteases,P09237,P45452,P25774,P07711,O60911,O60882,P14780,P08254,P07858
sset:pp-DVL,O14640,Q92997,O14641
sset:SLC19A2/3,O60779,Q9BZV2
"sset:SLC23A1,2",Q9UHI7,Q9UGH3
"sset:GLUT1,3",P11166,P11169
"sset:VNN1,VNN2",O95498,O95497
"sset:2xENPP1, 2xENPP2, 2xENPP3",Q13822,P22413,O14638
"sset:SLC52A1,2,3",Q9NQ40,Q9NWF4,Q9HAB3
sset:CK1alpha (GSK3),P48729,P49841
sset:NRG1/2,O14511,Q02297-10,Q02297
sset:Phosphorylated ERBB2:ERBB3 heterodimers
sset:Phosphorylated ERBB2:EGFR heterodimers
sset:Phosphorylated ERBB2:ERBB4cyt1 heterodimers
sset:p-ERBB4cyt1,Q15303-1,Q15303-2
"sset:ALAS1,2",P22557,P13196
sset:Fringe family,Q8NES3,Q9Y644,O00587
sset:ST3GAL3/4/6,Q9Y274,Q11203,Q11206
sset:OSBPs,Q9H4L5,Q9BZF3,Q9BXW6,Q96SU4,Q9H1P3,Q9BZF2
"sset:OSBPL5,8,10",Q9BZF1,Q9H0X9,Q9BXB5
sset:PI4KA/2B,P42356,Q8TCG2
"sset:NTRK1,2",P04629,Q16620
sset:PNLIPRP2-like proteins,P54317,P54315,P16233
sset:IP6K1/2,Q9UHH9,Q92551
sset:Processed PDGF-B
"sset:Active PDGF dimers (AA, AB, BB)",P04085-1,P04085-2,P01127
sset:Phospho- PDGF receptor dimer,P09619,P16234
sset:Subtilisin/kexin-like convertase,P09958,Q92824,P29122
sset:serine-type endopeptidases involved in novel PDGF processing,P00750,P00747
sset:xenobiotic/medium-chain fatty acid:CoA ligases,Q68CK6,Q08AH1
"sset:BLM,WRN",P54132,Q14191
sset:RPC7/RPC7-like,O15318,Q9BT43
"sset:RNF135,TRIM25,TRIM4",Q8IUD6,Q14258,Q9C037
sset:PIK3C2A/3,Q8NEB9,Q99570,O00443
sset:MTM(2),Q13496,Q13614,Q9NYA4
sset:PI4KA/2A/2B,Q9BTU6,P42356,Q8TCG2
sset:OCRL/INPP5E,Q9NRR6,Q01968
sset:PIK3C2A/G,O75747,O00443
sset:TPTE2-like proteins,Q6XPS3,P56180
"sset:NEU1,4",P10619,Q99519,P16278,Q8WWR8-2
"sset:SMPD2,3",O60906,Q9NY59
"sset:HEXA,B",P06865
sset:PPAP2,O14495,O43688,O14494
sset:SPTLC complexes,O15270,Q9NUV7
"sset:SPTSSA,SPTSSB",Q8NFR3,Q969W0
sset:LASS proteins,Q6ZMG9,Q8IU89,Q9HA82,Q96G23,P27544,Q8N5B7
sset:SPHK,Q9NYA1,Q9NRA0
sset:SGPP,Q9BX95,Q8IWX5
"sset:PRKD1,2,3",Q15139,O94806,Q9BZL6
sset:PP1 catalytic subunit,P36873,P62140,P62136
sset:PI3K-containing complexes,P35568,Q8WU20,Q9Y4H2,Q9UEF7-2,P21802-18,Q9UEF7-1,P21781,P22607-1,P55075-1,Q9NR96,Q9UQC2,P11487,O95750,P08620,P22455,P11362-19,P62993-1,O15520,P21802-3,P11362-1,P21802-5,P31371,P27986,O60258-1,Q9HCT0,Q06124,P36888,P09038,O76093,O43320,Q86Z14,Q99570,P49771,Q9GZV9,Q13480,Q9NP95,O00459,Q8NEB9,P05230,P42338,P22607-2,P12034-1,P10767,P42336,P21802-1
sset:MTM(3),Q13496,Q9Y216,Q13614,Q9NYA4
sset:proMMP1 initial activators,P08311,P23946,P08246,Q15661,P07477,P00747,P03952,P07478
"sset:MMP1,7",P03956,P09237
sset:MMP14 (16),P50281,P51512
"sset:MMP2,3,7,10,11",P09237,P24347,P09238,P08253,P08254
"sset:Trypsin, plasmin",P07477,P00747
"sset:MMP1 (2, 3, 7, 10, 13)",P03956,P09237,P45452,P09238,P08253,P08254
sset:MMP13 intermediate forms
sset:proMMP9 activating proteases,P08311,P17538,P20151,P07477,P07478
sset:proMMP3 initial activators,P17538,P07477,P00747,P03952
sset:MMP7 initial activators,P07477,P00747,P08246
sset:proMMP8 initial activators,P07477,P20151,P00747,P08246
sset:proMMP10 activators,P17538,P07477,P00747,Q6GPI1
"sset:MMP3, CTSK, CTSL2",P43235,P08254,O60911
sset:PLA2(12),Q9UP65,P14555
sset:PLA2(13),Q3MJ16,Q86XP0
sset:PLA2(11),Q68DD2,Q86XP0,P53816,P47712,Q6P4A8
sset:EEF1A1-like proteins,Q5VTE0,P68104,Q05639
sset:DGAT1/2,Q96PD7,O75907
sset:PLA2(10),P47712,Q68DD2,Q86XP0
sset:PLA2(9),Q68DD2,Q86XP0,P53816,P47712,P0C869,Q3MJ16
sset:PLA2(3),Q9NP80,P14555
sset:PLA2(4),P47712,Q3MJ16,Q68DD2,Q86XP0
sset:PLA2(2),Q68DD2,O60733,Q86XP0,P53816,P47712,P0C869,Q6P4A8,Q3MJ16
sset:PLA2(8),Q68DD2,Q86XP0,Q6P4A8,P47712,P0C869,Q3MJ16
sset:PLA2(6),Q9UP65,Q9NP80,P14555
sset:PLA2(7),Q68DD2,Q86XP0,P47712,P0C869,Q3MJ16
sset:PLA2(5),Q68DD2,O60733,Q86XP0,P53816,P47712,P0C869,Q6P4A8
sset:PLA2(16),P04054,Q9UNK4,Q9BZM1,Q9NZK7,P39877,O15496,Q9BZM2,Q9NZ20,P14555
sset:PLA2(14),Q68DD2,Q86XP0
sset:PLA2G,P0C869,Q68DD2,Q86XP0
sset:LPGAT,Q92604,Q643R3,Q8NF37
sset:HRASLS,Q9HDD0,Q9UL19,Q96KN8,P53816,Q9NWW9
"sset:GGC-RAB8A,10,13,14",P61106,P51153,P61026,P61006
"sset:p-AKT1,p-AKT2",P31751,P31749
sset:Endopeptidases for SCF processing,P14780,P23946
sset:STATs,P40763,P42229,P51692,P42224
sset:PP2A (Calpha/Cbeta),P67775,P62714
"sset:GRPEL1,2",Q9HAV7,Q8TAA5
sset:TIMM17,Q99595,O60830
"sset:CA1:Zn2+,CA2:Zn2+",P00918,P00915
sset:CYB5Rs,Q6IPT4,Q7L1T6,Q6BCY4,Q9UHQ9
sset:p-ERBB2 heterodimers,O14944,Q15303-3,P21860-1,Q99075,Q8WWG1,Q15303-2,P35070,P00533,Q02297,O14511,P01133,Q15303-1,Q02297-10,P56975
"sset:Activated PRKCA,(PRKCD,PRKCE)",P17252,Q02156,Q05655
sset:GABRAs,O43307,P47869,P34903,P31644,Q16445,P48169,P14867
sset:GABRGs,Q99928,P18507
sset:GABR heteropentamers,Q9UN88
sset:GABRBs,P28472,P18505,P47870
sset:CTSS-like proteins,P25774,P07711,O60911
sset:SEC61 alpha,Q9H9S3,P61619
sset:p-Y419/420/426-N-myristoyl-SRC/FYN/YES1,P12931,P06241,P07947
sset:WWP1/ITCH,Q9H0M0,Q96J02
sset:ERBB4/ERBB4m80/ERBB4s80,Q15303-2,Q15303-3,Q15303-1
